order_id,customer_email,full_name,address,order_amount,order_date,status
1,lisa.brown@mail.com,Lisa Brown,205 Moo 10 Bangkok 10283,137.58,2024-02-09,PENDING
2,chen.wei@example.cn,Chen Wei,92 Moo 10 Bangkok 10601,723.61,2024-10-07,Shipped 
3,duplicate@example.com,Lisa Brown,883 Moo 4 Bangkok 10255,183.11,2024-10-11,NEW
4,duplicate@example.com,Chen Wei,694 Moo 2 Bangkok 10580,47.44,2024-09-01,PENDING
5,ariya@test.co.th,John Smith,956 Moo 9 Bangkok 10182,900.74,2024-10-15,NEW
6,john.smith@mail.com,Ariya Wong,222 Moo 3 Bangkok 10865,597.44,2024-03-17,shipped
7,somchai@example.com,Somchai Jaidee,24 Moo 3 Bangkok 10585,421.93,2024-07-21,NEW
8,ariya@test.co.th,John Smith,633 Moo 1 Bangkok 10490,525.79,2024-04-26,NEW
9,duplicate@example.com,Ariya Wong,454 Moo 5 Bangkok 10658,764.98,2024-06-23,PENDING
10,somchai@example.com,Ariya Wong,757 Moo 10 Bangkok 10897,609.99,2024-07-04,NEW
11,somchai@example.com,Ariya Wong,304 Moo 3 Bangkok 10281,924.51,2024-09-11,PENDING
12,duplicate@example.com,Ariya Wong,867 Moo 5 Bangkok 10220,364.89,2024-11-03,
13,john.smith@mail.com,Somchai Jaidee,600 Moo 1 Bangkok 10445,402.11,2024-07-13,PENDING
14,duplicate@example.com,John Smith,548 Moo 2 Bangkok 10285,923.42,2024-12-28,PENDING
15,duplicate@example.com,Lisa Brown,236 Moo 5 Bangkok 10974,655.1,2024-05-04,Shipped 
16,ariya@test.co.th,Ariya Wong,393 Moo 5 Bangkok 10548,84.73,2024-08-14,Shipped 
17,somchai@example.com,Chen Wei,301 Moo 6 Bangkok 10907,131.64,2024-05-14,Shipped 
18,lisa.brown@mail.com,Chen Wei,164 Moo 5 Bangkok 10488,606.26,2024-10-22,PENDING
19,ariya@test.co.th,Lisa Brown,345 Moo 4 Bangkok 10453,,2024-06-23,Shipped 
20,duplicate@example.com,Ariya Wong,913 Moo 3 Bangkok 10908,658.88,2024-12-25,shipped
21,lisa.brown@mail.com,John Smith,673 Moo 7 Bangkok 10103,534.09,2024-01-17,Shipped 
22,duplicate@example.com,Ariya Wong,524 Moo 8 Bangkok 10310,852.19,2024-07-15,
23,chen.wei@example.cn,Chen Wei,787 Moo 10 Bangkok 10887,740.54,2024-02-26,Shipped 
24,somchai@example.com,Chen Wei,33 Moo 1 Bangkok 10526,970.96,2024-11-23,
25,chen.wei@example.cn,John Smith,199 Moo 2 Bangkok 10984,401.45,2024-03-09,PENDING
26,john.smith@mail.com,Ariya Wong,899 Moo 3 Bangkok 10557,696.17,2024-07-14,
27,duplicate@example.com,Ariya Wong,369 Moo 5 Bangkok 10312,574.8,2024-12-13,shipped
28,duplicate@example.com,Lisa Brown,587 Moo 8 Bangkok 10780,79.37,2024-04-15,
29,somchai@example.com,Somchai Jaidee,338 Moo 8 Bangkok 10173,735.06,2024-10-22,
30,john.smith@mail.com,Somchai Jaidee,597 Moo 6 Bangkok 10523,140.47,2024-01-13,NEW
31,somchai@example.com,John Smith,524 Moo 4 Bangkok 10668,162.72,2024-08-02,PENDING
32,ariya@test.co.th,Ariya Wong,120 Moo 8 Bangkok 10275,658.55,2024-02-18,shipped
33,duplicate@example.com,Chen Wei,178 Moo 6 Bangkok 10768,537.28,2024-12-22,NEW
34,duplicate@example.com,Ariya Wong,845 Moo 3 Bangkok 10253,37.92,2024-09-21,PENDING
35,ariya@test.co.th,John Smith,892 Moo 4 Bangkok 10729,968.78,2024-03-11,NEW
36,john.smith@mail.com,Lisa Brown,193 Moo 5 Bangkok 10283,150.83,2024-11-17,NEW
37,ariya@test.co.th,Lisa Brown,939 Moo 2 Bangkok 10901,239.18,2024-08-24,
38,duplicate@example.com,Somchai Jaidee,898 Moo 3 Bangkok 10996,170.64,2024-08-12,Shipped 
39,john.smith@mail.com,Chen Wei,47 Moo 10 Bangkok 10506,,2024-03-05,NEW
40,john.smith@mail.com,Chen Wei,303 Moo 5 Bangkok 10226,802.61,2024-01-12,shipped
41,chen.wei@example.cn,John Smith,867 Moo 6 Bangkok 10779,829.9,2024-01-13,Shipped 
42,chen.wei@example.cn,Ariya Wong,562 Moo 3 Bangkok 10810,764.88,2024-05-24,PENDING
43,lisa.brown@mail.com,Chen Wei,733 Moo 4 Bangkok 10278,991.68,2024-04-08,Shipped 
44,ariya@test.co.th,Chen Wei,97 Moo 7 Bangkok 10104,33.57,2024-04-05,shipped
45,duplicate@example.com,John Smith,63 Moo 5 Bangkok 10287,433.48,2024-01-21,NEW
46,chen.wei@example.cn,Lisa Brown,960 Moo 8 Bangkok 10175,237.15,2024-07-05,PENDING
47,chen.wei@example.cn,Somchai Jaidee,379 Moo 9 Bangkok 10263,575.02,2024-04-23,NEW
48,lisa.brown@mail.com,Chen Wei,207 Moo 3 Bangkok 10237,897.93,2024-03-27,Shipped 
49,ariya@test.co.th,Chen Wei,689 Moo 9 Bangkok 10991,81.86,2024-04-17,shipped
50,duplicate@example.com,Lisa Brown,405 Moo 9 Bangkok 10674,254.24,2024-10-11,PENDING
51,ariya@test.co.th,Somchai Jaidee,813 Moo 1 Bangkok 10139,318.62,2024-01-22,Shipped 
52,ariya@test.co.th,John Smith,922 Moo 5 Bangkok 10110,298.86,2024-12-12,NEW
53,ariya@test.co.th,John Smith,399 Moo 3 Bangkok 10813,264.08,2024-08-02,NEW
54,john.smith@mail.com,Ariya Wong,145 Moo 10 Bangkok 10180,382.69,2024-06-11,PENDING
55,ariya@test.co.th,Chen Wei,158 Moo 2 Bangkok 10122,,2024-04-08,Shipped 
56,chen.wei@example.cn,John Smith,779 Moo 2 Bangkok 10760,,2024-02-22,PENDING
57,somchai@example.com,John Smith,510 Moo 7 Bangkok 10671,768.84,2024-11-09,Shipped 
58,duplicate@example.com,John Smith,828 Moo 2 Bangkok 10379,69.1,2024-01-08,Shipped 
59,john.smith@mail.com,Chen Wei,105 Moo 5 Bangkok 10997,626.74,2024-04-15,PENDING
60,chen.wei@example.cn,Somchai Jaidee,617 Moo 5 Bangkok 10179,126.34,2024-01-10,PENDING
61,duplicate@example.com,Lisa Brown,437 Moo 6 Bangkok 10621,606.95,2024-09-28,NEW
62,john.smith@mail.com,Lisa Brown,794 Moo 4 Bangkok 10169,283.38,2024-12-16,Shipped 
63,chen.wei@example.cn,Somchai Jaidee,714 Moo 1 Bangkok 10148,636.07,2024-07-07,PENDING
64,duplicate@example.com,Chen Wei,593 Moo 1 Bangkok 10120,323.82,2024-04-22,NEW
65,somchai@example.com,Lisa Brown,851 Moo 5 Bangkok 10287,819.86,2024-12-10,shipped
66,duplicate@example.com,Lisa Brown,108 Moo 5 Bangkok 10962,421.54,2024-11-04,NEW
67,john.smith@mail.com,Chen Wei,312 Moo 5 Bangkok 10969,162.52,2024-05-24,NEW
68,somchai@example.com,Chen Wei,849 Moo 2 Bangkok 10356,132.79,2024-05-20,PENDING
69,ariya@test.co.th,Chen Wei,314 Moo 8 Bangkok 10358,636.35,2024-08-10,shipped
70,ariya@test.co.th,John Smith,523 Moo 3 Bangkok 10921,615.58,2024-10-17,NEW
71,ariya@test.co.th,Chen Wei,446 Moo 3 Bangkok 10686,,2024-12-26,PENDING
72,chen.wei@example.cn,Somchai Jaidee,11 Moo 7 Bangkok 10190,111.12,2024-01-07,NEW
73,duplicate@example.com,Ariya Wong,306 Moo 4 Bangkok 10217,261.53,2024-05-06,
74,duplicate@example.com,Ariya Wong,92 Moo 10 Bangkok 10214,965.88,2024-04-10,PENDING
75,john.smith@mail.com,Chen Wei,44 Moo 8 Bangkok 10764,482.12,2024-10-12,shipped
76,john.smith@mail.com,Ariya Wong,45 Moo 6 Bangkok 10812,943.51,2024-04-28,shipped
77,duplicate@example.com,Chen Wei,620 Moo 7 Bangkok 10835,167.78,2024-06-18,shipped
78,duplicate@example.com,Chen Wei,866 Moo 9 Bangkok 10414,,2024-10-19,Shipped 
79,ariya@test.co.th,Ariya Wong,447 Moo 1 Bangkok 10169,955.26,2024-09-10,Shipped 
80,ariya@test.co.th,Chen Wei,337 Moo 2 Bangkok 10844,37.76,2024-06-14,shipped
81,duplicate@example.com,Ariya Wong,42 Moo 3 Bangkok 10743,394.05,2024-09-18,PENDING
82,john.smith@mail.com,Chen Wei,657 Moo 7 Bangkok 10365,207.76,2024-06-05,NEW
83,john.smith@mail.com,Somchai Jaidee,942 Moo 1 Bangkok 10476,595.46,2024-10-04,
84,duplicate@example.com,John Smith,956 Moo 5 Bangkok 10517,139.21,2024-03-10,NEW
85,chen.wei@example.cn,Chen Wei,548 Moo 5 Bangkok 10245,526.01,2024-03-09,Shipped 
86,lisa.brown@mail.com,Lisa Brown,95 Moo 6 Bangkok 10130,232.33,2024-11-03,PENDING
87,john.smith@mail.com,Ariya Wong,799 Moo 9 Bangkok 10138,812.16,2024-02-12,
88,ariya@test.co.th,John Smith,795 Moo 9 Bangkok 10141,829.07,2024-12-24,NEW
89,lisa.brown@mail.com,Ariya Wong,659 Moo 9 Bangkok 10880,637.32,2024-01-07,NEW
90,chen.wei@example.cn,Ariya Wong,160 Moo 7 Bangkok 10288,970.46,2024-09-15,Shipped 
91,duplicate@example.com,Chen Wei,22 Moo 1 Bangkok 10408,37.42,2024-04-19,PENDING
92,duplicate@example.com,John Smith,961 Moo 8 Bangkok 10882,576.01,2024-12-05,NEW
93,duplicate@example.com,John Smith,590 Moo 6 Bangkok 10649,667.98,2024-11-09,shipped
94,chen.wei@example.cn,John Smith,491 Moo 2 Bangkok 10498,721.77,2024-05-20,Shipped 
95,lisa.brown@mail.com,Somchai Jaidee,571 Moo 3 Bangkok 10888,703.85,2024-04-06,NEW
96,ariya@test.co.th,Chen Wei,883 Moo 4 Bangkok 10406,396.45,2024-07-06,Shipped 
97,john.smith@mail.com,Ariya Wong,7 Moo 3 Bangkok 10660,281.24,2024-08-21,Shipped 
98,duplicate@example.com,Ariya Wong,336 Moo 10 Bangkok 10244,53.01,2024-07-18,
99,ariya@test.co.th,Lisa Brown,218 Moo 9 Bangkok 10220,399.78,2024-06-25,PENDING
100,chen.wei@example.cn,John Smith,337 Moo 4 Bangkok 10820,227.72,2024-11-25,shipped
101,duplicate@example.com,Lisa Brown,161 Moo 4 Bangkok 10829,954.09,2024-06-03,shipped
102,somchai@example.com,Somchai Jaidee,89 Moo 8 Bangkok 10488,976.04,2024-08-11,
103,somchai@example.com,Ariya Wong,669 Moo 9 Bangkok 10752,872.84,2024-07-11,Shipped 
104,duplicate@example.com,Ariya Wong,638 Moo 3 Bangkok 10592,692.65,2024-03-16,PENDING
105,lisa.brown@mail.com,Ariya Wong,466 Moo 9 Bangkok 10598,303.45,2024-08-20,PENDING
106,duplicate@example.com,Somchai Jaidee,496 Moo 1 Bangkok 10791,125.7,2024-08-01,PENDING
107,lisa.brown@mail.com,John Smith,849 Moo 1 Bangkok 10846,878.46,2024-02-18,PENDING
108,chen.wei@example.cn,Somchai Jaidee,116 Moo 3 Bangkok 10702,138.17,2024-04-25,Shipped 
109,somchai@example.com,John Smith,723 Moo 1 Bangkok 10144,43.78,2024-04-20,shipped
110,ariya@test.co.th,Chen Wei,772 Moo 1 Bangkok 10288,478.89,2024-06-12,Shipped 
111,ariya@test.co.th,John Smith,18 Moo 8 Bangkok 10207,955.28,2024-04-26,PENDING
112,duplicate@example.com,John Smith,791 Moo 6 Bangkok 10448,678.11,2024-06-21,Shipped 
113,duplicate@example.com,Lisa Brown,664 Moo 8 Bangkok 10114,258.71,2024-10-03,Shipped 
114,somchai@example.com,Somchai Jaidee,975 Moo 7 Bangkok 10828,376.22,2024-12-01,shipped
115,john.smith@mail.com,John Smith,375 Moo 10 Bangkok 10447,959.75,2024-12-09,PENDING
116,ariya@test.co.th,Chen Wei,848 Moo 4 Bangkok 10781,911.96,2024-09-03,NEW
117,duplicate@example.com,Lisa Brown,74 Moo 2 Bangkok 10797,347.34,2024-06-08,shipped
118,somchai@example.com,Ariya Wong,567 Moo 5 Bangkok 10922,172.04,2024-11-01,Shipped 
119,john.smith@mail.com,Ariya Wong,387 Moo 5 Bangkok 10609,182.9,2024-12-19,NEW
120,duplicate@example.com,Somchai Jaidee,159 Moo 1 Bangkok 10412,471.96,2024-01-05,Shipped 
121,duplicate@example.com,John Smith,593 Moo 5 Bangkok 10353,242.94,2024-04-09,PENDING
122,somchai@example.com,Chen Wei,86 Moo 9 Bangkok 10280,,2024-10-22,shipped
123,john.smith@mail.com,Lisa Brown,394 Moo 6 Bangkok 10243,838.95,2024-04-07,PENDING
124,duplicate@example.com,Chen Wei,465 Moo 5 Bangkok 10526,878.75,2024-08-08,Shipped 
125,chen.wei@example.cn,Somchai Jaidee,733 Moo 4 Bangkok 10995,469.74,2024-12-07,NEW
126,chen.wei@example.cn,Somchai Jaidee,179 Moo 1 Bangkok 10302,849.16,2024-01-03,NEW
127,ariya@test.co.th,Somchai Jaidee,255 Moo 2 Bangkok 10226,83.58,2024-12-28,Shipped 
128,duplicate@example.com,John Smith,798 Moo 6 Bangkok 10278,601.53,2024-07-06,PENDING
129,ariya@test.co.th,Chen Wei,475 Moo 6 Bangkok 10178,690.55,2024-11-27,Shipped 
130,chen.wei@example.cn,Somchai Jaidee,654 Moo 4 Bangkok 10787,517.65,2024-06-24,shipped
131,chen.wei@example.cn,Lisa Brown,114 Moo 5 Bangkok 10980,746.33,2024-02-02,shipped
132,lisa.brown@mail.com,Somchai Jaidee,812 Moo 3 Bangkok 10306,628.1,2024-02-19,Shipped 
133,somchai@example.com,Ariya Wong,214 Moo 9 Bangkok 10886,22.96,2024-10-15,
134,lisa.brown@mail.com,Chen Wei,278 Moo 10 Bangkok 10359,134.26,2024-12-15,
135,john.smith@mail.com,Lisa Brown,769 Moo 4 Bangkok 10911,868.64,2024-03-03,NEW
136,ariya@test.co.th,Chen Wei,242 Moo 9 Bangkok 10228,422.1,2024-11-10,NEW
137,john.smith@mail.com,Lisa Brown,191 Moo 6 Bangkok 10999,56.99,2024-10-07,
138,duplicate@example.com,John Smith,370 Moo 3 Bangkok 10258,484.93,2024-10-28,PENDING
139,ariya@test.co.th,John Smith,382 Moo 4 Bangkok 10314,281.66,2024-10-17,
140,somchai@example.com,Lisa Brown,715 Moo 10 Bangkok 10228,649.79,2024-08-28,shipped
141,ariya@test.co.th,Chen Wei,312 Moo 1 Bangkok 10634,22.52,2024-06-01,PENDING
142,duplicate@example.com,Ariya Wong,637 Moo 9 Bangkok 10378,143.34,2024-09-28,
143,chen.wei@example.cn,Ariya Wong,550 Moo 6 Bangkok 10299,29.15,2024-09-04,PENDING
144,somchai@example.com,Chen Wei,901 Moo 7 Bangkok 10412,943.18,2024-07-25,
145,chen.wei@example.cn,Lisa Brown,4 Moo 10 Bangkok 10185,861.68,2024-10-12,shipped
146,john.smith@mail.com,John Smith,106 Moo 1 Bangkok 10758,791.24,2024-12-08,Shipped 
147,chen.wei@example.cn,Ariya Wong,817 Moo 4 Bangkok 10679,49.17,2024-04-13,PENDING
148,duplicate@example.com,John Smith,937 Moo 1 Bangkok 10280,91.25,2024-07-06,
149,lisa.brown@mail.com,Chen Wei,151 Moo 4 Bangkok 10682,301.78,2024-02-03,NEW
150,duplicate@example.com,John Smith,804 Moo 8 Bangkok 10247,507.11,2024-02-03,PENDING
151,ariya@test.co.th,Chen Wei,300 Moo 8 Bangkok 10303,794.6,2024-06-19,PENDING
152,chen.wei@example.cn,Chen Wei,334 Moo 3 Bangkok 10559,234.52,2024-07-15,PENDING
153,john.smith@mail.com,John Smith,712 Moo 7 Bangkok 10459,517.26,2024-04-16,
154,duplicate@example.com,Chen Wei,22 Moo 8 Bangkok 10794,533.81,2024-11-07,NEW
155,lisa.brown@mail.com,Chen Wei,885 Moo 7 Bangkok 10591,,2024-04-03,shipped
156,chen.wei@example.cn,Lisa Brown,176 Moo 3 Bangkok 10764,386.01,2024-12-22,Shipped 
157,duplicate@example.com,Somchai Jaidee,599 Moo 10 Bangkok 10748,755.84,2024-07-18,PENDING
158,duplicate@example.com,Ariya Wong,11 Moo 6 Bangkok 10649,273.22,2024-02-08,PENDING
159,john.smith@mail.com,Lisa Brown,379 Moo 10 Bangkok 10906,787.55,2024-12-06,NEW
160,somchai@example.com,Chen Wei,526 Moo 1 Bangkok 10635,744.66,2024-09-27,Shipped 
161,lisa.brown@mail.com,Somchai Jaidee,874 Moo 1 Bangkok 10583,861.68,2024-11-13,Shipped 
162,somchai@example.com,Ariya Wong,688 Moo 5 Bangkok 10685,582.04,2024-12-13,NEW
163,ariya@test.co.th,Chen Wei,892 Moo 2 Bangkok 10610,220.54,2024-12-25,PENDING
164,john.smith@mail.com,Somchai Jaidee,485 Moo 9 Bangkok 10212,713.54,2024-12-20,shipped
165,somchai@example.com,Chen Wei,159 Moo 7 Bangkok 10334,257.74,2024-12-05,shipped
166,somchai@example.com,John Smith,286 Moo 6 Bangkok 10580,385.42,2024-10-28,Shipped 
167,somchai@example.com,Chen Wei,512 Moo 1 Bangkok 10790,647.5,2024-03-11,NEW
168,somchai@example.com,Ariya Wong,443 Moo 9 Bangkok 10108,437.83,2024-07-24,Shipped 
169,duplicate@example.com,Ariya Wong,787 Moo 2 Bangkok 10453,168.29,2024-03-25,NEW
170,duplicate@example.com,Somchai Jaidee,559 Moo 6 Bangkok 10510,,2024-12-10,Shipped 
171,ariya@test.co.th,Somchai Jaidee,251 Moo 1 Bangkok 10393,88.75,2024-07-17,NEW
172,john.smith@mail.com,Chen Wei,101 Moo 8 Bangkok 10328,140.28,2024-06-22,NEW
173,john.smith@mail.com,Chen Wei,266 Moo 7 Bangkok 10173,833.8,2024-10-25,PENDING
174,duplicate@example.com,Ariya Wong,353 Moo 9 Bangkok 10699,999.41,2024-08-28,NEW
175,chen.wei@example.cn,Somchai Jaidee,166 Moo 10 Bangkok 10140,232.61,2024-09-15,
176,ariya@test.co.th,Chen Wei,653 Moo 7 Bangkok 10820,201.7,2024-10-11,Shipped 
177,duplicate@example.com,Lisa Brown,889 Moo 2 Bangkok 10100,52.33,2024-07-09,shipped
178,john.smith@mail.com,John Smith,743 Moo 2 Bangkok 10232,75.21,2024-10-11,
179,duplicate@example.com,Ariya Wong,186 Moo 4 Bangkok 10829,176.19,2024-01-19,NEW
180,duplicate@example.com,Somchai Jaidee,333 Moo 1 Bangkok 10541,711.62,2024-04-18,shipped
181,duplicate@example.com,Lisa Brown,254 Moo 10 Bangkok 10380,237.62,2024-02-11,NEW
182,somchai@example.com,Somchai Jaidee,78 Moo 10 Bangkok 10794,917.51,2024-11-13,shipped
183,ariya@test.co.th,Chen Wei,579 Moo 2 Bangkok 10941,893.02,2024-06-15,
184,lisa.brown@mail.com,Ariya Wong,263 Moo 7 Bangkok 10307,386.04,2024-05-12,PENDING
185,duplicate@example.com,Chen Wei,624 Moo 9 Bangkok 10325,699.97,2024-09-05,Shipped 
186,ariya@test.co.th,Chen Wei,748 Moo 9 Bangkok 10528,955.87,2024-08-17,Shipped 
187,john.smith@mail.com,John Smith,367 Moo 4 Bangkok 10366,101.15,2024-01-10,PENDING
188,duplicate@example.com,Chen Wei,199 Moo 8 Bangkok 10988,126.82,2024-03-13,NEW
189,lisa.brown@mail.com,Chen Wei,472 Moo 4 Bangkok 10154,,2024-08-19,
190,duplicate@example.com,Chen Wei,223 Moo 1 Bangkok 10209,494.55,2024-04-19,Shipped 
191,ariya@test.co.th,John Smith,720 Moo 6 Bangkok 10695,124.3,2024-02-15,shipped
192,ariya@test.co.th,Chen Wei,197 Moo 1 Bangkok 10249,861.84,2024-09-07,Shipped 
193,ariya@test.co.th,John Smith,190 Moo 1 Bangkok 10475,119.3,2024-04-17,Shipped 
194,duplicate@example.com,John Smith,416 Moo 4 Bangkok 10431,273.35,2024-09-03,
195,lisa.brown@mail.com,Somchai Jaidee,344 Moo 10 Bangkok 10101,560.46,2024-02-27,Shipped 
196,ariya@test.co.th,Ariya Wong,853 Moo 7 Bangkok 10577,402.16,2024-08-16,PENDING
197,john.smith@mail.com,Lisa Brown,625 Moo 7 Bangkok 10292,264.36,2024-02-19,shipped
198,lisa.brown@mail.com,John Smith,174 Moo 8 Bangkok 10650,19.23,2024-05-02,NEW
199,somchai@example.com,Chen Wei,7 Moo 1 Bangkok 10535,312.98,2024-06-22,PENDING
200,somchai@example.com,Chen Wei,648 Moo 3 Bangkok 10550,431.98,2024-04-27,shipped
201,duplicate@example.com,Somchai Jaidee,807 Moo 8 Bangkok 10100,42.81,2024-02-02,PENDING
202,ariya@test.co.th,Somchai Jaidee,409 Moo 10 Bangkok 10167,693.42,2024-04-21,Shipped 
203,duplicate@example.com,Chen Wei,766 Moo 5 Bangkok 10993,518.11,2024-12-01,NEW
204,john.smith@mail.com,Ariya Wong,367 Moo 10 Bangkok 10806,449.59,2024-10-22,
205,ariya@test.co.th,Lisa Brown,100 Moo 2 Bangkok 10155,806.01,2024-12-03,PENDING
206,lisa.brown@mail.com,Ariya Wong,767 Moo 6 Bangkok 10970,172.92,2024-04-19,PENDING
207,duplicate@example.com,Somchai Jaidee,59 Moo 10 Bangkok 10940,119.32,2024-09-20,Shipped 
208,duplicate@example.com,Chen Wei,606 Moo 1 Bangkok 10141,305.34,2024-03-25,Shipped 
209,somchai@example.com,Somchai Jaidee,139 Moo 7 Bangkok 10823,203.29,2024-09-07,Shipped 
210,lisa.brown@mail.com,Chen Wei,965 Moo 1 Bangkok 10231,417.07,2024-12-11,NEW
211,lisa.brown@mail.com,Chen Wei,694 Moo 3 Bangkok 10648,392.0,2024-02-05,Shipped 
212,lisa.brown@mail.com,Chen Wei,423 Moo 9 Bangkok 10685,247.5,2024-07-27,NEW
213,somchai@example.com,John Smith,234 Moo 4 Bangkok 10715,612.1,2024-09-14,NEW
214,chen.wei@example.cn,Chen Wei,812 Moo 5 Bangkok 10313,45.61,2024-11-06,NEW
215,chen.wei@example.cn,John Smith,9 Moo 6 Bangkok 10886,254.02,2024-04-15,shipped
216,somchai@example.com,Ariya Wong,440 Moo 2 Bangkok 10827,487.89,2024-04-21,PENDING
217,john.smith@mail.com,Chen Wei,427 Moo 4 Bangkok 10805,906.31,2024-03-26,NEW
218,duplicate@example.com,John Smith,502 Moo 5 Bangkok 10199,667.56,2024-11-25,NEW
219,chen.wei@example.cn,Ariya Wong,408 Moo 4 Bangkok 10858,461.76,2024-04-17,PENDING
220,ariya@test.co.th,Somchai Jaidee,235 Moo 9 Bangkok 10936,925.58,2024-07-07,
221,john.smith@mail.com,John Smith,466 Moo 2 Bangkok 10189,331.98,2024-01-24,PENDING
222,lisa.brown@mail.com,John Smith,238 Moo 7 Bangkok 10978,422.1,2024-02-09,
223,somchai@example.com,Ariya Wong,76 Moo 2 Bangkok 10851,145.18,2024-12-11,
224,duplicate@example.com,John Smith,884 Moo 1 Bangkok 10451,519.98,2024-04-01,NEW
225,john.smith@mail.com,Lisa Brown,615 Moo 7 Bangkok 10268,809.98,2024-10-07,Shipped 
226,duplicate@example.com,John Smith,784 Moo 2 Bangkok 10154,216.98,2024-08-26,PENDING
227,duplicate@example.com,Chen Wei,834 Moo 10 Bangkok 10767,643.0,2024-12-13,PENDING
228,somchai@example.com,John Smith,846 Moo 6 Bangkok 10823,,2024-07-15,shipped
229,john.smith@mail.com,Lisa Brown,340 Moo 1 Bangkok 10290,901.92,2024-10-13,PENDING
230,ariya@test.co.th,Ariya Wong,424 Moo 8 Bangkok 10165,688.75,2024-08-27,shipped
231,chen.wei@example.cn,John Smith,374 Moo 8 Bangkok 10290,152.75,2024-11-24,
232,john.smith@mail.com,Ariya Wong,414 Moo 2 Bangkok 10917,354.89,2024-02-02,Shipped 
233,ariya@test.co.th,John Smith,640 Moo 5 Bangkok 10565,583.24,2024-05-07,PENDING
234,chen.wei@example.cn,Somchai Jaidee,895 Moo 3 Bangkok 10815,663.79,2024-06-16,shipped
235,somchai@example.com,Ariya Wong,56 Moo 8 Bangkok 10108,590.91,2024-05-21,
236,somchai@example.com,Somchai Jaidee,99 Moo 6 Bangkok 10422,992.19,2024-12-28,shipped
237,john.smith@mail.com,Ariya Wong,803 Moo 10 Bangkok 10198,830.46,2024-12-01,shipped
238,duplicate@example.com,Chen Wei,801 Moo 1 Bangkok 10921,970.91,2024-02-12,NEW
239,duplicate@example.com,Ariya Wong,96 Moo 7 Bangkok 10129,345.65,2024-07-01,PENDING
240,somchai@example.com,John Smith,98 Moo 1 Bangkok 10573,804.9,2024-04-27,shipped
241,duplicate@example.com,John Smith,193 Moo 3 Bangkok 10658,299.19,2024-04-06,PENDING
242,duplicate@example.com,Chen Wei,483 Moo 9 Bangkok 10777,649.43,2024-11-04,
243,duplicate@example.com,John Smith,572 Moo 4 Bangkok 10875,348.57,2024-07-28,shipped
244,somchai@example.com,Somchai Jaidee,528 Moo 6 Bangkok 10192,863.15,2024-12-17,Shipped 
245,duplicate@example.com,Chen Wei,376 Moo 5 Bangkok 10770,667.16,2024-01-06,shipped
246,somchai@example.com,Ariya Wong,607 Moo 6 Bangkok 10340,650.34,2024-09-04,shipped
247,lisa.brown@mail.com,Lisa Brown,296 Moo 9 Bangkok 10925,497.24,2024-05-14,PENDING
248,chen.wei@example.cn,John Smith,694 Moo 5 Bangkok 10707,876.01,2024-05-26,
249,duplicate@example.com,Lisa Brown,50 Moo 8 Bangkok 10378,967.19,2024-01-25,shipped
250,lisa.brown@mail.com,Ariya Wong,426 Moo 9 Bangkok 10338,512.68,2024-05-12,PENDING
251,lisa.brown@mail.com,John Smith,886 Moo 6 Bangkok 10240,149.58,2024-09-13,
252,lisa.brown@mail.com,Chen Wei,535 Moo 3 Bangkok 10561,805.19,2024-09-15,Shipped 
253,somchai@example.com,Chen Wei,63 Moo 7 Bangkok 10714,918.85,2024-11-26,
254,duplicate@example.com,Lisa Brown,537 Moo 10 Bangkok 10743,123.28,2024-10-06,Shipped 
255,somchai@example.com,Chen Wei,567 Moo 3 Bangkok 10434,934.17,2024-04-01,shipped
256,duplicate@example.com,Ariya Wong,422 Moo 4 Bangkok 10691,936.12,2024-06-11,PENDING
257,chen.wei@example.cn,Chen Wei,192 Moo 10 Bangkok 10227,784.64,2024-07-11,Shipped 
258,ariya@test.co.th,Somchai Jaidee,436 Moo 6 Bangkok 10330,317.96,2024-01-10,shipped
259,chen.wei@example.cn,Lisa Brown,607 Moo 6 Bangkok 10280,501.01,2024-03-18,shipped
260,somchai@example.com,Lisa Brown,413 Moo 2 Bangkok 10286,92.01,2024-02-05,PENDING
261,chen.wei@example.cn,John Smith,540 Moo 5 Bangkok 10823,534.41,2024-10-14,PENDING
262,john.smith@mail.com,Lisa Brown,205 Moo 2 Bangkok 10249,532.44,2024-02-08,
263,chen.wei@example.cn,Ariya Wong,362 Moo 5 Bangkok 10978,971.91,2024-12-23,shipped
264,john.smith@mail.com,Ariya Wong,910 Moo 9 Bangkok 10594,322.16,2024-05-08,NEW
265,lisa.brown@mail.com,Somchai Jaidee,937 Moo 3 Bangkok 10496,949.05,2024-08-14,
266,duplicate@example.com,John Smith,939 Moo 1 Bangkok 10673,96.68,2024-03-06,NEW
267,chen.wei@example.cn,Chen Wei,217 Moo 3 Bangkok 10370,306.23,2024-10-11,NEW
268,lisa.brown@mail.com,Chen Wei,274 Moo 6 Bangkok 10565,654.32,2024-11-05,
269,ariya@test.co.th,John Smith,581 Moo 7 Bangkok 10878,889.12,2024-08-21,
270,duplicate@example.com,Somchai Jaidee,698 Moo 3 Bangkok 10342,731.89,2024-09-10,
271,ariya@test.co.th,Chen Wei,966 Moo 7 Bangkok 10146,201.94,2024-12-01,
272,ariya@test.co.th,Somchai Jaidee,851 Moo 1 Bangkok 10954,,2024-02-15,shipped
273,lisa.brown@mail.com,Chen Wei,458 Moo 2 Bangkok 10164,68.17,2024-10-27,
274,chen.wei@example.cn,John Smith,280 Moo 8 Bangkok 10892,947.83,2024-07-18,Shipped 
275,duplicate@example.com,Chen Wei,428 Moo 8 Bangkok 10419,65.27,2024-09-10,PENDING
276,chen.wei@example.cn,Somchai Jaidee,723 Moo 8 Bangkok 10740,547.03,2024-03-07,NEW
277,chen.wei@example.cn,Chen Wei,74 Moo 4 Bangkok 10813,99.41,2024-10-11,Shipped 
278,john.smith@mail.com,Lisa Brown,120 Moo 3 Bangkok 10876,,2024-02-27,Shipped 
279,somchai@example.com,Chen Wei,598 Moo 7 Bangkok 10749,708.25,2024-09-28,Shipped 
280,john.smith@mail.com,Chen Wei,683 Moo 10 Bangkok 10306,780.8,2024-07-10,shipped
281,somchai@example.com,Ariya Wong,855 Moo 3 Bangkok 10981,413.19,2024-11-18,NEW
282,john.smith@mail.com,Lisa Brown,511 Moo 2 Bangkok 10781,725.38,2024-02-23,NEW
283,duplicate@example.com,Chen Wei,395 Moo 10 Bangkok 10943,191.57,2024-04-04,
284,john.smith@mail.com,John Smith,882 Moo 5 Bangkok 10828,983.18,2024-03-19,
285,duplicate@example.com,Ariya Wong,731 Moo 7 Bangkok 10669,663.95,2024-01-24,shipped
286,lisa.brown@mail.com,Somchai Jaidee,42 Moo 6 Bangkok 10418,256.73,2024-01-08,NEW
287,duplicate@example.com,Lisa Brown,281 Moo 2 Bangkok 10546,99.86,2024-03-19,
288,chen.wei@example.cn,Somchai Jaidee,450 Moo 1 Bangkok 10173,369.53,2024-10-01,PENDING
289,duplicate@example.com,Somchai Jaidee,628 Moo 7 Bangkok 10278,25.55,2024-01-12,
290,ariya@test.co.th,Somchai Jaidee,990 Moo 8 Bangkok 10581,418.78,2024-06-26,shipped
291,duplicate@example.com,Lisa Brown,183 Moo 2 Bangkok 10586,806.42,2024-11-02,NEW
292,duplicate@example.com,John Smith,845 Moo 3 Bangkok 10735,572.5,2024-02-09,
293,lisa.brown@mail.com,Chen Wei,878 Moo 3 Bangkok 10750,869.83,2024-05-04,NEW
294,ariya@test.co.th,Lisa Brown,711 Moo 9 Bangkok 10788,787.82,2024-01-01,NEW
295,duplicate@example.com,Chen Wei,164 Moo 5 Bangkok 10780,766.04,2024-02-10,
296,john.smith@mail.com,Ariya Wong,21 Moo 3 Bangkok 10750,593.43,2024-08-25,
297,ariya@test.co.th,Lisa Brown,206 Moo 8 Bangkok 10341,585.84,2024-03-27,NEW
298,duplicate@example.com,John Smith,674 Moo 7 Bangkok 10873,689.38,2024-07-03,PENDING
299,ariya@test.co.th,Lisa Brown,587 Moo 4 Bangkok 10186,443.83,2024-07-16,shipped
300,somchai@example.com,Lisa Brown,777 Moo 3 Bangkok 10330,368.01,2024-10-06,shipped
301,lisa.brown@mail.com,Lisa Brown,552 Moo 4 Bangkok 10100,615.49,2024-04-09,
302,somchai@example.com,Somchai Jaidee,176 Moo 7 Bangkok 10616,18.73,2024-12-18,NEW
303,duplicate@example.com,Chen Wei,732 Moo 6 Bangkok 10202,517.09,2024-07-03,
304,duplicate@example.com,John Smith,515 Moo 1 Bangkok 10453,965.42,2024-11-15,Shipped 
305,duplicate@example.com,John Smith,291 Moo 2 Bangkok 10969,688.66,2024-09-07,shipped
306,duplicate@example.com,Chen Wei,952 Moo 10 Bangkok 10482,35.82,2024-09-24,PENDING
307,somchai@example.com,Somchai Jaidee,558 Moo 10 Bangkok 10546,13.92,2024-06-10,PENDING
308,lisa.brown@mail.com,Somchai Jaidee,19 Moo 7 Bangkok 10418,241.06,2024-02-26,Shipped 
309,john.smith@mail.com,Ariya Wong,122 Moo 1 Bangkok 10920,502.78,2024-11-28,
310,john.smith@mail.com,Ariya Wong,947 Moo 4 Bangkok 10921,427.72,2024-08-27,
311,duplicate@example.com,Ariya Wong,977 Moo 4 Bangkok 10800,616.32,2024-10-20,PENDING
312,lisa.brown@mail.com,John Smith,898 Moo 9 Bangkok 10103,937.02,2024-08-13,NEW
313,somchai@example.com,Chen Wei,62 Moo 1 Bangkok 10830,710.27,2024-11-24,PENDING
314,john.smith@mail.com,Somchai Jaidee,530 Moo 10 Bangkok 10932,256.92,2024-03-06,Shipped 
315,ariya@test.co.th,John Smith,396 Moo 7 Bangkok 10646,849.93,2024-06-08,PENDING
316,duplicate@example.com,Chen Wei,325 Moo 5 Bangkok 10121,448.63,2024-07-13,Shipped 
317,duplicate@example.com,Ariya Wong,886 Moo 2 Bangkok 10890,282.33,2024-06-02,PENDING
318,chen.wei@example.cn,Lisa Brown,325 Moo 6 Bangkok 10542,737.01,2024-10-15,Shipped 
319,ariya@test.co.th,John Smith,125 Moo 1 Bangkok 10220,226.28,2024-01-19,PENDING
320,lisa.brown@mail.com,Lisa Brown,444 Moo 7 Bangkok 10571,131.07,2024-08-16,shipped
321,ariya@test.co.th,Somchai Jaidee,629 Moo 7 Bangkok 10229,510.29,2024-10-07,
322,duplicate@example.com,Chen Wei,586 Moo 5 Bangkok 10780,425.86,2024-01-28,NEW
323,somchai@example.com,John Smith,582 Moo 10 Bangkok 10307,696.11,2024-07-07,
324,ariya@test.co.th,John Smith,435 Moo 6 Bangkok 10193,532.34,2024-11-04,PENDING
325,duplicate@example.com,Ariya Wong,614 Moo 7 Bangkok 10842,272.44,2024-02-23,NEW
326,john.smith@mail.com,Chen Wei,91 Moo 3 Bangkok 10810,786.49,2024-07-23,PENDING
327,chen.wei@example.cn,Lisa Brown,579 Moo 3 Bangkok 10660,774.28,2024-02-07,
328,chen.wei@example.cn,Chen Wei,620 Moo 9 Bangkok 10606,292.74,2024-11-26,NEW
329,lisa.brown@mail.com,Lisa Brown,873 Moo 8 Bangkok 10152,369.62,2024-01-13,
330,ariya@test.co.th,Lisa Brown,598 Moo 4 Bangkok 10666,670.09,2024-12-20,
331,john.smith@mail.com,Ariya Wong,177 Moo 2 Bangkok 10260,239.08,2024-01-11,
332,lisa.brown@mail.com,Chen Wei,155 Moo 6 Bangkok 10980,76.26,2024-09-05,
333,duplicate@example.com,John Smith,985 Moo 6 Bangkok 10750,521.99,2024-11-19,Shipped 
334,lisa.brown@mail.com,Somchai Jaidee,393 Moo 5 Bangkok 10109,673.28,2024-03-15,Shipped 
335,somchai@example.com,John Smith,9 Moo 9 Bangkok 10578,901.24,2024-05-23,Shipped 
336,ariya@test.co.th,Lisa Brown,351 Moo 1 Bangkok 10646,387.37,2024-03-25,NEW
337,duplicate@example.com,Chen Wei,35 Moo 4 Bangkok 10948,728.71,2024-04-03,Shipped 
338,duplicate@example.com,John Smith,128 Moo 5 Bangkok 10235,716.96,2024-09-17,Shipped 
339,duplicate@example.com,Ariya Wong,874 Moo 3 Bangkok 10804,591.37,2024-07-09,NEW
340,chen.wei@example.cn,Chen Wei,215 Moo 10 Bangkok 10462,887.71,2024-10-23,PENDING
341,lisa.brown@mail.com,Chen Wei,298 Moo 6 Bangkok 10500,649.74,2024-04-25,NEW
342,duplicate@example.com,Chen Wei,376 Moo 6 Bangkok 10703,63.1,2024-12-17,shipped
343,chen.wei@example.cn,Somchai Jaidee,322 Moo 3 Bangkok 10131,698.42,2024-07-27,
344,duplicate@example.com,Lisa Brown,12 Moo 6 Bangkok 10622,415.73,2024-11-21,PENDING
345,chen.wei@example.cn,John Smith,323 Moo 7 Bangkok 10255,447.12,2024-02-20,NEW
346,somchai@example.com,Lisa Brown,462 Moo 3 Bangkok 10412,570.81,2024-11-02,NEW
347,ariya@test.co.th,Ariya Wong,232 Moo 1 Bangkok 10683,800.17,2024-06-15,Shipped 
348,lisa.brown@mail.com,Ariya Wong,319 Moo 10 Bangkok 10520,348.37,2024-04-18,PENDING
349,ariya@test.co.th,Chen Wei,508 Moo 2 Bangkok 10264,435.38,2024-06-02,Shipped 
350,duplicate@example.com,Ariya Wong,805 Moo 5 Bangkok 10842,849.95,2024-09-14,NEW
351,ariya@test.co.th,Lisa Brown,37 Moo 1 Bangkok 10224,229.49,2024-07-17,PENDING
352,lisa.brown@mail.com,John Smith,923 Moo 5 Bangkok 10599,,2024-01-15,PENDING
353,somchai@example.com,Ariya Wong,539 Moo 6 Bangkok 10684,771.51,2024-10-08,NEW
354,ariya@test.co.th,Lisa Brown,405 Moo 4 Bangkok 10319,571.01,2024-03-02,Shipped 
355,duplicate@example.com,Ariya Wong,105 Moo 2 Bangkok 10239,729.9,2024-10-17,NEW
356,john.smith@mail.com,Somchai Jaidee,433 Moo 9 Bangkok 10741,120.03,2024-04-01,Shipped 
357,lisa.brown@mail.com,Chen Wei,203 Moo 4 Bangkok 10227,478.81,2024-08-21,NEW
358,somchai@example.com,Chen Wei,60 Moo 5 Bangkok 10943,265.35,2024-10-03,
359,duplicate@example.com,Chen Wei,983 Moo 9 Bangkok 10713,13.17,2024-06-14,NEW
360,john.smith@mail.com,Somchai Jaidee,845 Moo 8 Bangkok 10581,349.38,2024-10-26,Shipped 
361,somchai@example.com,Ariya Wong,640 Moo 10 Bangkok 10378,283.9,2024-08-25,NEW
362,somchai@example.com,Lisa Brown,817 Moo 10 Bangkok 10286,451.09,2024-03-22,
363,duplicate@example.com,John Smith,844 Moo 9 Bangkok 10227,244.55,2024-02-09,PENDING
364,duplicate@example.com,Lisa Brown,671 Moo 10 Bangkok 10871,374.17,2024-01-17,PENDING
365,duplicate@example.com,Ariya Wong,979 Moo 7 Bangkok 10291,911.05,2024-04-20,shipped
366,ariya@test.co.th,Lisa Brown,57 Moo 10 Bangkok 10855,193.46,2024-05-22,
367,somchai@example.com,Ariya Wong,408 Moo 10 Bangkok 10675,584.09,2024-04-12,PENDING
368,ariya@test.co.th,Ariya Wong,172 Moo 1 Bangkok 10841,316.42,2024-12-09,Shipped 
369,duplicate@example.com,Ariya Wong,633 Moo 8 Bangkok 10632,381.64,2024-06-24,
370,ariya@test.co.th,Lisa Brown,449 Moo 5 Bangkok 10195,33.72,2024-02-24,PENDING
371,somchai@example.com,John Smith,561 Moo 6 Bangkok 10630,377.12,2024-05-09,PENDING
372,somchai@example.com,John Smith,106 Moo 4 Bangkok 10198,259.96,2024-10-19,Shipped 
373,chen.wei@example.cn,Lisa Brown,237 Moo 5 Bangkok 10891,851.64,2024-06-12,
374,john.smith@mail.com,Lisa Brown,732 Moo 4 Bangkok 10740,426.43,2024-11-27,Shipped 
375,john.smith@mail.com,Somchai Jaidee,266 Moo 8 Bangkok 10326,477.33,2024-06-19,PENDING
376,ariya@test.co.th,Lisa Brown,257 Moo 5 Bangkok 10284,580.59,2024-04-28,PENDING
377,duplicate@example.com,Somchai Jaidee,527 Moo 7 Bangkok 10452,524.59,2024-10-05,Shipped 
378,somchai@example.com,John Smith,927 Moo 7 Bangkok 10245,480.2,2024-12-01,
379,somchai@example.com,Lisa Brown,938 Moo 2 Bangkok 10214,,2024-06-15,
380,duplicate@example.com,Chen Wei,807 Moo 8 Bangkok 10519,900.83,2024-04-21,PENDING
381,chen.wei@example.cn,Lisa Brown,121 Moo 7 Bangkok 10817,,2024-02-13,Shipped 
382,duplicate@example.com,Chen Wei,605 Moo 8 Bangkok 10733,459.92,2024-07-09,NEW
383,ariya@test.co.th,Somchai Jaidee,260 Moo 6 Bangkok 10338,792.53,2024-07-08,
384,chen.wei@example.cn,Chen Wei,972 Moo 1 Bangkok 10590,648.07,2024-02-17,shipped
385,ariya@test.co.th,Chen Wei,656 Moo 5 Bangkok 10775,758.97,2024-03-26,Shipped 
386,ariya@test.co.th,John Smith,843 Moo 3 Bangkok 10857,19.4,2024-10-17,
387,john.smith@mail.com,Lisa Brown,810 Moo 5 Bangkok 10928,522.3,2024-02-19,shipped
388,lisa.brown@mail.com,Lisa Brown,543 Moo 2 Bangkok 10145,770.37,2024-10-20,shipped
389,chen.wei@example.cn,Ariya Wong,230 Moo 8 Bangkok 10381,6.1,2024-06-12,Shipped 
390,john.smith@mail.com,Ariya Wong,780 Moo 7 Bangkok 10824,232.85,2024-04-27,shipped
391,somchai@example.com,John Smith,755 Moo 6 Bangkok 10161,335.4,2024-09-23,shipped
392,lisa.brown@mail.com,Lisa Brown,372 Moo 5 Bangkok 10986,881.99,2024-06-04,
393,ariya@test.co.th,Lisa Brown,464 Moo 8 Bangkok 10592,920.59,2024-11-15,
394,duplicate@example.com,Ariya Wong,562 Moo 6 Bangkok 10818,64.09,2024-01-27,shipped
395,chen.wei@example.cn,Chen Wei,545 Moo 7 Bangkok 10371,603.41,2024-08-19,PENDING
396,chen.wei@example.cn,Lisa Brown,682 Moo 3 Bangkok 10458,,2024-09-28,PENDING
397,lisa.brown@mail.com,Ariya Wong,142 Moo 10 Bangkok 10275,876.65,2024-11-08,NEW
398,chen.wei@example.cn,Ariya Wong,643 Moo 9 Bangkok 10597,795.83,2024-12-10,
399,ariya@test.co.th,Chen Wei,925 Moo 7 Bangkok 10984,30.98,2024-02-22,PENDING
400,duplicate@example.com,John Smith,27 Moo 6 Bangkok 10740,948.62,2024-05-06,shipped
401,duplicate@example.com,Chen Wei,804 Moo 10 Bangkok 10584,107.69,2024-07-09,Shipped 
402,lisa.brown@mail.com,Lisa Brown,743 Moo 2 Bangkok 10296,451.36,2024-01-01,
403,duplicate@example.com,Somchai Jaidee,945 Moo 5 Bangkok 10514,226.16,2024-01-03,PENDING
404,somchai@example.com,Somchai Jaidee,79 Moo 1 Bangkok 10616,198.57,2024-12-12,Shipped 
405,somchai@example.com,John Smith,216 Moo 5 Bangkok 10419,571.48,2024-06-13,PENDING
406,duplicate@example.com,Somchai Jaidee,13 Moo 4 Bangkok 10747,84.98,2024-10-12,
407,chen.wei@example.cn,Lisa Brown,554 Moo 4 Bangkok 10985,283.4,2024-08-24,NEW
408,lisa.brown@mail.com,John Smith,155 Moo 1 Bangkok 10370,955.88,2024-01-21,PENDING
409,ariya@test.co.th,John Smith,263 Moo 7 Bangkok 10956,573.7,2024-09-01,
410,chen.wei@example.cn,John Smith,375 Moo 8 Bangkok 10119,592.37,2024-08-22,PENDING
411,john.smith@mail.com,Lisa Brown,890 Moo 4 Bangkok 10501,651.59,2024-03-15,shipped
412,duplicate@example.com,Chen Wei,773 Moo 5 Bangkok 10815,634.96,2024-10-05,shipped
413,duplicate@example.com,Lisa Brown,766 Moo 9 Bangkok 10550,244.25,2024-01-12,Shipped 
414,duplicate@example.com,Somchai Jaidee,760 Moo 2 Bangkok 10341,294.21,2024-12-27,Shipped 
415,john.smith@mail.com,Chen Wei,832 Moo 5 Bangkok 10570,499.94,2024-07-09,shipped
416,ariya@test.co.th,Chen Wei,19 Moo 7 Bangkok 10432,,2024-07-18,Shipped 
417,ariya@test.co.th,Lisa Brown,228 Moo 5 Bangkok 10548,20.41,2024-03-05,PENDING
418,duplicate@example.com,Chen Wei,231 Moo 7 Bangkok 10185,896.73,2024-01-06,shipped
419,duplicate@example.com,John Smith,154 Moo 4 Bangkok 10614,142.69,2024-09-23,shipped
420,duplicate@example.com,Lisa Brown,917 Moo 2 Bangkok 10705,862.37,2024-11-26,Shipped 
421,chen.wei@example.cn,Ariya Wong,245 Moo 5 Bangkok 10454,77.54,2024-04-18,Shipped 
422,john.smith@mail.com,John Smith,400 Moo 8 Bangkok 10263,688.72,2024-07-21,PENDING
423,ariya@test.co.th,Chen Wei,735 Moo 8 Bangkok 10828,701.49,2024-07-05,shipped
424,john.smith@mail.com,Ariya Wong,427 Moo 1 Bangkok 10766,114.74,2024-05-04,PENDING
425,chen.wei@example.cn,Chen Wei,130 Moo 8 Bangkok 10767,976.92,2024-02-27,
426,duplicate@example.com,Ariya Wong,303 Moo 3 Bangkok 10615,609.84,2024-09-24,PENDING
427,chen.wei@example.cn,John Smith,645 Moo 6 Bangkok 10433,604.82,2024-05-17,PENDING
428,duplicate@example.com,Ariya Wong,306 Moo 6 Bangkok 10987,127.8,2024-05-14,PENDING
429,lisa.brown@mail.com,Somchai Jaidee,420 Moo 4 Bangkok 10132,676.6,2024-01-16,
430,john.smith@mail.com,Lisa Brown,161 Moo 4 Bangkok 10866,938.93,2024-11-12,NEW
431,ariya@test.co.th,Lisa Brown,328 Moo 2 Bangkok 10846,778.06,2024-03-28,Shipped 
432,john.smith@mail.com,John Smith,453 Moo 6 Bangkok 10665,80.53,2024-07-04,
433,duplicate@example.com,John Smith,708 Moo 10 Bangkok 10434,152.8,2024-04-02,PENDING
434,lisa.brown@mail.com,Chen Wei,276 Moo 5 Bangkok 10996,271.24,2024-06-16,Shipped 
435,duplicate@example.com,John Smith,673 Moo 4 Bangkok 10846,383.09,2024-04-27,PENDING
436,lisa.brown@mail.com,John Smith,130 Moo 4 Bangkok 10906,580.32,2024-05-13,Shipped 
437,ariya@test.co.th,Somchai Jaidee,105 Moo 6 Bangkok 10799,276.86,2024-04-25,
438,duplicate@example.com,Lisa Brown,812 Moo 2 Bangkok 10622,6.86,2024-01-05,shipped
439,lisa.brown@mail.com,Somchai Jaidee,127 Moo 7 Bangkok 10847,843.77,2024-08-18,Shipped 
440,duplicate@example.com,Somchai Jaidee,196 Moo 4 Bangkok 10496,31.8,2024-01-10,shipped
441,john.smith@mail.com,Lisa Brown,448 Moo 8 Bangkok 10672,496.92,2024-07-19,shipped
442,lisa.brown@mail.com,Lisa Brown,987 Moo 4 Bangkok 10987,276.85,2024-05-09,Shipped 
443,ariya@test.co.th,Chen Wei,603 Moo 7 Bangkok 10892,665.09,2024-02-09,
444,somchai@example.com,John Smith,275 Moo 4 Bangkok 10454,625.23,2024-09-21,shipped
445,ariya@test.co.th,John Smith,915 Moo 3 Bangkok 10828,764.61,2024-07-12,
446,ariya@test.co.th,John Smith,12 Moo 3 Bangkok 10303,643.51,2024-11-22,
447,john.smith@mail.com,Ariya Wong,132 Moo 5 Bangkok 10234,854.61,2024-09-08,Shipped 
448,john.smith@mail.com,Chen Wei,729 Moo 4 Bangkok 10451,413.46,2024-07-04,Shipped 
449,somchai@example.com,Lisa Brown,389 Moo 4 Bangkok 10756,815.89,2024-12-11,shipped
450,somchai@example.com,Lisa Brown,584 Moo 2 Bangkok 10447,698.35,2024-05-09,shipped
451,lisa.brown@mail.com,Ariya Wong,380 Moo 7 Bangkok 10616,143.17,2024-08-05,NEW
452,john.smith@mail.com,Ariya Wong,613 Moo 5 Bangkok 10690,206.1,2024-10-01,shipped
453,duplicate@example.com,Ariya Wong,246 Moo 5 Bangkok 10926,645.06,2024-09-14,Shipped 
454,duplicate@example.com,Lisa Brown,42 Moo 8 Bangkok 10564,380.67,2024-01-23,Shipped 
455,duplicate@example.com,Lisa Brown,100 Moo 5 Bangkok 10301,105.01,2024-10-16,NEW
456,john.smith@mail.com,Ariya Wong,142 Moo 9 Bangkok 10417,145.88,2024-02-23,shipped
457,duplicate@example.com,Somchai Jaidee,924 Moo 5 Bangkok 10425,343.84,2024-04-27,NEW
458,john.smith@mail.com,John Smith,788 Moo 3 Bangkok 10118,787.27,2024-11-14,shipped
459,john.smith@mail.com,Somchai Jaidee,374 Moo 6 Bangkok 10442,316.16,2024-01-07,shipped
460,duplicate@example.com,Lisa Brown,266 Moo 1 Bangkok 10217,133.02,2024-08-01,shipped
461,ariya@test.co.th,Chen Wei,346 Moo 4 Bangkok 10671,198.34,2024-11-11,NEW
462,duplicate@example.com,Ariya Wong,939 Moo 9 Bangkok 10985,626.95,2024-10-16,Shipped 
463,chen.wei@example.cn,Chen Wei,223 Moo 8 Bangkok 10263,530.96,2024-12-11,PENDING
464,duplicate@example.com,Somchai Jaidee,426 Moo 9 Bangkok 10434,463.92,2024-09-23,NEW
465,duplicate@example.com,Somchai Jaidee,292 Moo 3 Bangkok 10840,723.23,2024-02-05,Shipped 
466,somchai@example.com,Ariya Wong,378 Moo 6 Bangkok 10557,230.31,2024-06-26,
467,ariya@test.co.th,Ariya Wong,96 Moo 5 Bangkok 10786,182.63,2024-11-06,
468,duplicate@example.com,Lisa Brown,454 Moo 10 Bangkok 10568,173.82,2024-10-06,shipped
469,chen.wei@example.cn,John Smith,306 Moo 10 Bangkok 10294,208.86,2024-11-18,
470,lisa.brown@mail.com,Chen Wei,841 Moo 5 Bangkok 10895,809.17,2024-11-10,NEW
471,lisa.brown@mail.com,Lisa Brown,57 Moo 10 Bangkok 10698,785.66,2024-10-23,shipped
472,duplicate@example.com,Somchai Jaidee,984 Moo 8 Bangkok 10576,211.22,2024-09-03,Shipped 
473,lisa.brown@mail.com,Chen Wei,830 Moo 7 Bangkok 10251,79.71,2024-05-10,NEW
474,john.smith@mail.com,Chen Wei,423 Moo 3 Bangkok 10181,122.45,2024-09-06,NEW
475,somchai@example.com,Lisa Brown,771 Moo 3 Bangkok 10461,375.56,2024-10-24,shipped
476,ariya@test.co.th,Chen Wei,443 Moo 6 Bangkok 10678,269.03,2024-12-17,PENDING
477,duplicate@example.com,John Smith,828 Moo 2 Bangkok 10881,881.91,2024-10-26,Shipped 
478,duplicate@example.com,John Smith,559 Moo 4 Bangkok 10450,198.47,2024-06-27,NEW
479,lisa.brown@mail.com,John Smith,22 Moo 6 Bangkok 10476,940.08,2024-09-24,shipped
480,somchai@example.com,John Smith,956 Moo 10 Bangkok 10396,353.26,2024-04-24,NEW
481,lisa.brown@mail.com,John Smith,462 Moo 6 Bangkok 10545,408.6,2024-10-18,NEW
482,duplicate@example.com,John Smith,18 Moo 5 Bangkok 10231,842.09,2024-03-26,shipped
483,ariya@test.co.th,John Smith,879 Moo 7 Bangkok 10497,985.5,2024-04-25,PENDING
484,somchai@example.com,Lisa Brown,353 Moo 9 Bangkok 10594,73.78,2024-05-07,Shipped 
485,john.smith@mail.com,Chen Wei,563 Moo 8 Bangkok 10661,58.61,2024-08-27,shipped
486,john.smith@mail.com,John Smith,33 Moo 10 Bangkok 10955,639.79,2024-01-06,NEW
487,somchai@example.com,Somchai Jaidee,284 Moo 10 Bangkok 10963,934.1,2024-06-07,PENDING
488,ariya@test.co.th,Lisa Brown,47 Moo 9 Bangkok 10446,89.21,2024-05-09,PENDING
489,john.smith@mail.com,Chen Wei,231 Moo 3 Bangkok 10191,96.6,2024-03-15,PENDING
490,john.smith@mail.com,John Smith,186 Moo 3 Bangkok 10945,942.49,2024-09-23,shipped
491,john.smith@mail.com,Lisa Brown,741 Moo 10 Bangkok 10378,807.5,2024-11-10,shipped
492,chen.wei@example.cn,Chen Wei,37 Moo 4 Bangkok 10780,183.9,2024-02-12,shipped
493,duplicate@example.com,Chen Wei,155 Moo 10 Bangkok 10998,869.22,2024-05-22,shipped
494,ariya@test.co.th,Lisa Brown,622 Moo 5 Bangkok 10191,,2024-08-15,shipped
495,duplicate@example.com,John Smith,231 Moo 4 Bangkok 10860,715.3,2024-09-04,NEW
496,duplicate@example.com,Somchai Jaidee,347 Moo 8 Bangkok 10367,435.56,2024-07-13,NEW
497,ariya@test.co.th,John Smith,108 Moo 10 Bangkok 10135,149.38,2024-03-05,Shipped 
498,somchai@example.com,Chen Wei,373 Moo 9 Bangkok 10202,517.64,2024-06-08,Shipped 
499,ariya@test.co.th,John Smith,113 Moo 1 Bangkok 10266,187.57,2024-08-21,NEW
500,chen.wei@example.cn,Somchai Jaidee,463 Moo 9 Bangkok 10867,289.29,2024-07-07,Shipped 
501,john.smith@mail.com,Ariya Wong,893 Moo 7 Bangkok 10888,25.29,2024-03-26,
502,somchai@example.com,John Smith,929 Moo 9 Bangkok 10197,930.11,2024-05-02,
503,john.smith@mail.com,Ariya Wong,519 Moo 9 Bangkok 10811,624.25,2024-12-18,
504,ariya@test.co.th,John Smith,59 Moo 5 Bangkok 10274,891.76,2024-10-18,
505,somchai@example.com,Chen Wei,646 Moo 10 Bangkok 10472,269.13,2024-08-26,Shipped 
506,duplicate@example.com,Ariya Wong,763 Moo 7 Bangkok 10471,77.01,2024-12-09,Shipped 
507,ariya@test.co.th,Chen Wei,964 Moo 4 Bangkok 10964,666.28,2024-04-05,shipped
508,somchai@example.com,John Smith,750 Moo 6 Bangkok 10803,755.47,2024-09-04,shipped
509,chen.wei@example.cn,Ariya Wong,561 Moo 8 Bangkok 10452,169.4,2024-10-18,Shipped 
510,duplicate@example.com,Lisa Brown,421 Moo 10 Bangkok 10293,277.01,2024-06-06,shipped
511,duplicate@example.com,Chen Wei,319 Moo 9 Bangkok 10278,833.81,2024-08-06,shipped
512,somchai@example.com,Ariya Wong,393 Moo 4 Bangkok 10446,929.88,2024-11-14,Shipped 
513,lisa.brown@mail.com,Ariya Wong,97 Moo 6 Bangkok 10204,224.64,2024-04-14,NEW
514,john.smith@mail.com,Somchai Jaidee,313 Moo 3 Bangkok 10395,154.09,2024-06-08,NEW
515,chen.wei@example.cn,John Smith,310 Moo 2 Bangkok 10668,117.92,2024-02-22,Shipped 
516,chen.wei@example.cn,Chen Wei,447 Moo 3 Bangkok 10382,102.41,2024-11-12,
517,somchai@example.com,Chen Wei,541 Moo 4 Bangkok 10841,343.69,2024-07-15,Shipped 
518,duplicate@example.com,Ariya Wong,720 Moo 10 Bangkok 10828,909.48,2024-04-15,NEW
519,lisa.brown@mail.com,John Smith,133 Moo 6 Bangkok 10317,841.38,2024-06-14,NEW
520,john.smith@mail.com,Chen Wei,337 Moo 9 Bangkok 10300,861.06,2024-07-07,PENDING
521,john.smith@mail.com,John Smith,430 Moo 3 Bangkok 10429,273.81,2024-11-23,shipped
522,lisa.brown@mail.com,John Smith,673 Moo 9 Bangkok 10989,165.91,2024-06-01,NEW
523,duplicate@example.com,Ariya Wong,670 Moo 6 Bangkok 10711,548.42,2024-10-19,shipped
524,john.smith@mail.com,Lisa Brown,537 Moo 2 Bangkok 10755,702.14,2024-10-15,NEW
525,chen.wei@example.cn,Somchai Jaidee,300 Moo 6 Bangkok 10509,436.43,2024-06-04,Shipped 
526,john.smith@mail.com,Ariya Wong,333 Moo 8 Bangkok 10421,338.39,2024-10-02,
527,somchai@example.com,Ariya Wong,284 Moo 6 Bangkok 10914,912.88,2024-02-26,PENDING
528,duplicate@example.com,Lisa Brown,158 Moo 3 Bangkok 10712,196.59,2024-08-09,shipped
529,chen.wei@example.cn,John Smith,49 Moo 3 Bangkok 10440,790.7,2024-06-12,
530,john.smith@mail.com,Somchai Jaidee,313 Moo 6 Bangkok 10232,343.6,2024-11-11,
531,duplicate@example.com,Somchai Jaidee,75 Moo 5 Bangkok 10197,276.77,2024-09-21,Shipped 
532,lisa.brown@mail.com,Lisa Brown,484 Moo 6 Bangkok 10445,947.11,2024-08-09,
533,duplicate@example.com,Chen Wei,444 Moo 2 Bangkok 10486,783.65,2024-06-01,NEW
534,duplicate@example.com,Somchai Jaidee,607 Moo 7 Bangkok 10861,160.97,2024-05-03,shipped
535,somchai@example.com,Ariya Wong,505 Moo 7 Bangkok 10453,384.74,2024-11-28,Shipped 
536,duplicate@example.com,John Smith,412 Moo 6 Bangkok 10167,255.05,2024-04-13,
537,chen.wei@example.cn,Somchai Jaidee,741 Moo 4 Bangkok 10973,266.54,2024-05-22,NEW
538,chen.wei@example.cn,Somchai Jaidee,831 Moo 5 Bangkok 10837,936.4,2024-11-17,Shipped 
539,lisa.brown@mail.com,Lisa Brown,685 Moo 5 Bangkok 10956,235.74,2024-06-07,
540,duplicate@example.com,Somchai Jaidee,391 Moo 8 Bangkok 10229,588.8,2024-07-08,shipped
541,ariya@test.co.th,John Smith,898 Moo 3 Bangkok 10420,599.87,2024-09-25,Shipped 
542,ariya@test.co.th,John Smith,149 Moo 9 Bangkok 10945,42.96,2024-07-09,NEW
543,duplicate@example.com,John Smith,810 Moo 5 Bangkok 10916,169.79,2024-06-21,
544,somchai@example.com,John Smith,914 Moo 7 Bangkok 10794,888.85,2024-10-01,shipped
545,duplicate@example.com,Somchai Jaidee,305 Moo 8 Bangkok 10921,369.59,2024-09-20,PENDING
546,somchai@example.com,John Smith,523 Moo 4 Bangkok 10167,607.42,2024-03-21,shipped
547,duplicate@example.com,Ariya Wong,437 Moo 9 Bangkok 10822,646.14,2024-02-22,Shipped 
548,lisa.brown@mail.com,Lisa Brown,134 Moo 3 Bangkok 10530,157.83,2024-03-09,
549,ariya@test.co.th,Ariya Wong,341 Moo 6 Bangkok 10586,100.1,2024-02-24,NEW
550,ariya@test.co.th,Chen Wei,148 Moo 5 Bangkok 10826,234.79,2024-02-11,
551,ariya@test.co.th,John Smith,202 Moo 1 Bangkok 10596,94.89,2024-06-04,
552,duplicate@example.com,Ariya Wong,226 Moo 10 Bangkok 10146,730.51,2024-03-02,shipped
553,chen.wei@example.cn,John Smith,545 Moo 8 Bangkok 10749,453.51,2024-05-09,
554,lisa.brown@mail.com,Lisa Brown,782 Moo 5 Bangkok 10344,645.62,2024-05-10,shipped
555,john.smith@mail.com,Lisa Brown,109 Moo 6 Bangkok 10625,308.39,2024-04-28,Shipped 
556,somchai@example.com,Somchai Jaidee,166 Moo 3 Bangkok 10253,281.09,2024-03-07,shipped
557,chen.wei@example.cn,Lisa Brown,361 Moo 3 Bangkok 10838,393.78,2024-01-13,Shipped 
558,somchai@example.com,Chen Wei,389 Moo 6 Bangkok 10153,768.88,2024-12-20,NEW
559,lisa.brown@mail.com,Somchai Jaidee,845 Moo 10 Bangkok 10192,331.93,2024-03-01,PENDING
560,lisa.brown@mail.com,Ariya Wong,304 Moo 7 Bangkok 10336,485.16,2024-09-18,NEW
561,somchai@example.com,Somchai Jaidee,33 Moo 10 Bangkok 10117,524.36,2024-02-09,PENDING
562,chen.wei@example.cn,John Smith,709 Moo 8 Bangkok 10444,942.14,2024-04-05,NEW
563,duplicate@example.com,Somchai Jaidee,347 Moo 2 Bangkok 10756,852.74,2024-03-23,PENDING
564,ariya@test.co.th,Chen Wei,65 Moo 2 Bangkok 10480,392.03,2024-02-06,PENDING
565,ariya@test.co.th,John Smith,346 Moo 10 Bangkok 10553,758.55,2024-11-26,PENDING
566,duplicate@example.com,Ariya Wong,333 Moo 9 Bangkok 10562,786.98,2024-09-19,shipped
567,ariya@test.co.th,Chen Wei,921 Moo 8 Bangkok 10339,526.64,2024-11-02,
568,john.smith@mail.com,Lisa Brown,240 Moo 2 Bangkok 10452,689.31,2024-10-19,Shipped 
569,chen.wei@example.cn,Chen Wei,205 Moo 5 Bangkok 10228,489.26,2024-09-20,shipped
570,lisa.brown@mail.com,John Smith,231 Moo 5 Bangkok 10338,15.5,2024-05-04,NEW
571,lisa.brown@mail.com,Chen Wei,756 Moo 5 Bangkok 10229,130.96,2024-01-10,
572,duplicate@example.com,Somchai Jaidee,284 Moo 7 Bangkok 10649,589.82,2024-01-07,NEW
573,duplicate@example.com,Chen Wei,399 Moo 10 Bangkok 10890,751.15,2024-12-19,
574,lisa.brown@mail.com,Somchai Jaidee,285 Moo 4 Bangkok 10234,866.27,2024-11-01,Shipped 
575,john.smith@mail.com,Chen Wei,547 Moo 3 Bangkok 10794,65.04,2024-06-18,
576,somchai@example.com,Somchai Jaidee,788 Moo 10 Bangkok 10651,934.41,2024-01-11,Shipped 
577,duplicate@example.com,Chen Wei,761 Moo 10 Bangkok 10775,845.27,2024-08-02,
578,duplicate@example.com,Somchai Jaidee,167 Moo 2 Bangkok 10952,570.22,2024-05-24,
579,duplicate@example.com,Chen Wei,332 Moo 1 Bangkok 10426,84.99,2024-10-18,
580,chen.wei@example.cn,Lisa Brown,264 Moo 4 Bangkok 10479,272.47,2024-08-28,shipped
581,chen.wei@example.cn,Lisa Brown,683 Moo 3 Bangkok 10710,368.76,2024-01-01,PENDING
582,somchai@example.com,Ariya Wong,159 Moo 7 Bangkok 10925,432.38,2024-01-20,PENDING
583,duplicate@example.com,Ariya Wong,171 Moo 3 Bangkok 10962,780.48,2024-01-13,Shipped 
584,chen.wei@example.cn,John Smith,381 Moo 1 Bangkok 10325,664.52,2024-06-26,shipped
585,duplicate@example.com,Somchai Jaidee,962 Moo 6 Bangkok 10457,97.46,2024-06-13,NEW
586,duplicate@example.com,John Smith,951 Moo 6 Bangkok 10550,471.04,2024-01-16,PENDING
587,duplicate@example.com,John Smith,282 Moo 1 Bangkok 10832,662.21,2024-10-10,shipped
588,ariya@test.co.th,Ariya Wong,948 Moo 2 Bangkok 10366,817.28,2024-04-06,Shipped 
589,duplicate@example.com,Chen Wei,521 Moo 5 Bangkok 10687,288.86,2024-06-16,Shipped 
590,duplicate@example.com,Ariya Wong,416 Moo 10 Bangkok 10162,346.66,2024-12-18,Shipped 
591,ariya@test.co.th,Somchai Jaidee,160 Moo 9 Bangkok 10793,613.62,2024-06-20,
592,duplicate@example.com,Lisa Brown,420 Moo 6 Bangkok 10980,971.9,2024-01-11,PENDING
593,john.smith@mail.com,John Smith,669 Moo 6 Bangkok 10808,517.08,2024-10-26,
594,lisa.brown@mail.com,Ariya Wong,715 Moo 4 Bangkok 10352,25.45,2024-05-13,
595,duplicate@example.com,Chen Wei,985 Moo 9 Bangkok 10958,610.21,2024-06-24,shipped
596,john.smith@mail.com,Ariya Wong,16 Moo 7 Bangkok 10347,828.11,2024-10-17,PENDING
597,ariya@test.co.th,Ariya Wong,871 Moo 7 Bangkok 10902,585.7,2024-05-26,shipped
598,duplicate@example.com,Lisa Brown,440 Moo 8 Bangkok 10204,38.09,2024-01-18,PENDING
599,chen.wei@example.cn,Somchai Jaidee,695 Moo 7 Bangkok 10337,501.67,2024-06-02,NEW
600,duplicate@example.com,Somchai Jaidee,328 Moo 2 Bangkok 10102,459.47,2024-07-24,PENDING
601,duplicate@example.com,Ariya Wong,511 Moo 6 Bangkok 10696,529.05,2024-11-25,Shipped 
602,duplicate@example.com,Lisa Brown,227 Moo 8 Bangkok 10247,147.05,2024-07-01,Shipped 
603,chen.wei@example.cn,Lisa Brown,368 Moo 2 Bangkok 10122,44.36,2024-11-05,shipped
604,somchai@example.com,Somchai Jaidee,160 Moo 8 Bangkok 10942,553.95,2024-07-13,Shipped 
605,john.smith@mail.com,Somchai Jaidee,491 Moo 10 Bangkok 10598,924.43,2024-09-09,PENDING
606,duplicate@example.com,Ariya Wong,668 Moo 1 Bangkok 10498,969.36,2024-02-11,shipped
607,duplicate@example.com,Lisa Brown,227 Moo 6 Bangkok 10188,622.58,2024-03-13,NEW
608,ariya@test.co.th,Somchai Jaidee,841 Moo 5 Bangkok 10207,518.56,2024-10-23,Shipped 
609,chen.wei@example.cn,Somchai Jaidee,306 Moo 3 Bangkok 10878,829.55,2024-06-19,
610,lisa.brown@mail.com,Lisa Brown,370 Moo 8 Bangkok 10796,733.58,2024-02-26,
611,duplicate@example.com,Lisa Brown,738 Moo 9 Bangkok 10103,26.81,2024-05-09,PENDING
612,john.smith@mail.com,John Smith,510 Moo 8 Bangkok 10681,502.01,2024-10-21,NEW
613,lisa.brown@mail.com,John Smith,72 Moo 1 Bangkok 10377,882.57,2024-03-07,NEW
614,ariya@test.co.th,John Smith,659 Moo 9 Bangkok 10298,457.62,2024-08-12,
615,lisa.brown@mail.com,Ariya Wong,844 Moo 9 Bangkok 10290,965.34,2024-11-09,Shipped 
616,john.smith@mail.com,Somchai Jaidee,965 Moo 9 Bangkok 10837,612.91,2024-07-08,shipped
617,duplicate@example.com,Lisa Brown,48 Moo 9 Bangkok 10508,228.07,2024-07-22,
618,duplicate@example.com,Chen Wei,156 Moo 10 Bangkok 10580,596.59,2024-11-19,Shipped 
619,duplicate@example.com,Somchai Jaidee,377 Moo 3 Bangkok 10985,281.8,2024-09-12,Shipped 
620,somchai@example.com,John Smith,589 Moo 2 Bangkok 10312,255.01,2024-10-16,
621,john.smith@mail.com,John Smith,859 Moo 6 Bangkok 10440,13.35,2024-12-20,PENDING
622,ariya@test.co.th,Lisa Brown,700 Moo 9 Bangkok 10937,887.35,2024-02-11,shipped
623,somchai@example.com,Ariya Wong,266 Moo 3 Bangkok 10316,185.35,2024-09-27,shipped
624,duplicate@example.com,Ariya Wong,863 Moo 8 Bangkok 10849,747.2,2024-04-04,
625,duplicate@example.com,Lisa Brown,92 Moo 2 Bangkok 10626,226.89,2024-02-04,PENDING
626,john.smith@mail.com,Lisa Brown,199 Moo 10 Bangkok 10777,775.92,2024-12-21,
627,chen.wei@example.cn,Ariya Wong,826 Moo 7 Bangkok 10889,572.79,2024-10-01,shipped
628,duplicate@example.com,Somchai Jaidee,804 Moo 9 Bangkok 10707,870.11,2024-09-19,shipped
629,somchai@example.com,Lisa Brown,131 Moo 9 Bangkok 10451,319.07,2024-03-06,
630,somchai@example.com,Somchai Jaidee,646 Moo 5 Bangkok 10560,562.24,2024-01-03,
631,chen.wei@example.cn,John Smith,323 Moo 8 Bangkok 10931,664.52,2024-03-11,NEW
632,duplicate@example.com,John Smith,256 Moo 10 Bangkok 10788,42.11,2024-02-22,PENDING
633,ariya@test.co.th,Somchai Jaidee,213 Moo 4 Bangkok 10180,341.93,2024-05-15,Shipped 
634,ariya@test.co.th,John Smith,345 Moo 9 Bangkok 10632,60.17,2024-10-23,NEW
635,chen.wei@example.cn,Somchai Jaidee,667 Moo 8 Bangkok 10333,607.21,2024-10-23,PENDING
636,john.smith@mail.com,Lisa Brown,451 Moo 7 Bangkok 10537,982.87,2024-10-18,
637,ariya@test.co.th,Lisa Brown,854 Moo 6 Bangkok 10376,393.28,2024-04-22,Shipped 
638,ariya@test.co.th,Chen Wei,829 Moo 2 Bangkok 10823,,2024-07-13,
639,duplicate@example.com,Somchai Jaidee,253 Moo 3 Bangkok 10192,381.18,2024-08-10,
640,duplicate@example.com,John Smith,889 Moo 5 Bangkok 10215,998.5,2024-06-26,shipped
641,duplicate@example.com,Somchai Jaidee,571 Moo 3 Bangkok 10936,,2024-06-07,
642,duplicate@example.com,John Smith,473 Moo 4 Bangkok 10801,76.37,2024-07-16,PENDING
643,lisa.brown@mail.com,John Smith,197 Moo 8 Bangkok 10846,48.51,2024-12-18,
644,duplicate@example.com,Chen Wei,84 Moo 7 Bangkok 10962,280.53,2024-09-19,NEW
645,john.smith@mail.com,Ariya Wong,372 Moo 7 Bangkok 10815,,2024-07-01,NEW
646,duplicate@example.com,Ariya Wong,300 Moo 3 Bangkok 10725,,2024-08-03,
647,duplicate@example.com,Chen Wei,293 Moo 6 Bangkok 10511,571.56,2024-07-18,PENDING
648,duplicate@example.com,Lisa Brown,626 Moo 7 Bangkok 10150,483.92,2024-03-20,NEW
649,ariya@test.co.th,Ariya Wong,616 Moo 4 Bangkok 10949,254.25,2024-04-14,NEW
650,john.smith@mail.com,Lisa Brown,770 Moo 2 Bangkok 10410,456.26,2024-05-14,Shipped 
651,ariya@test.co.th,Ariya Wong,467 Moo 7 Bangkok 10816,598.14,2024-03-11,shipped
652,john.smith@mail.com,John Smith,839 Moo 1 Bangkok 10976,316.92,2024-07-11,shipped
653,ariya@test.co.th,Chen Wei,417 Moo 2 Bangkok 10799,328.07,2024-02-21,Shipped 
654,somchai@example.com,Ariya Wong,168 Moo 8 Bangkok 10351,653.52,2024-01-18,PENDING
655,duplicate@example.com,John Smith,330 Moo 7 Bangkok 10732,94.14,2024-06-06,NEW
656,duplicate@example.com,John Smith,533 Moo 9 Bangkok 10388,180.26,2024-03-05,NEW
657,lisa.brown@mail.com,Ariya Wong,850 Moo 10 Bangkok 10337,980.69,2024-12-19,NEW
658,duplicate@example.com,Chen Wei,71 Moo 7 Bangkok 10232,475.69,2024-01-15,
659,ariya@test.co.th,Chen Wei,952 Moo 6 Bangkok 10633,253.54,2024-05-23,shipped
660,somchai@example.com,John Smith,890 Moo 1 Bangkok 10881,27.37,2024-11-23,Shipped 
661,chen.wei@example.cn,John Smith,328 Moo 6 Bangkok 10650,520.44,2024-06-01,shipped
662,duplicate@example.com,Somchai Jaidee,702 Moo 5 Bangkok 10290,518.7,2024-02-19,PENDING
663,john.smith@mail.com,Somchai Jaidee,376 Moo 6 Bangkok 10902,370.41,2024-09-07,PENDING
664,lisa.brown@mail.com,Chen Wei,11 Moo 8 Bangkok 10780,,2024-09-09,NEW
665,chen.wei@example.cn,Somchai Jaidee,543 Moo 5 Bangkok 10681,315.57,2024-09-05,PENDING
666,lisa.brown@mail.com,Lisa Brown,210 Moo 10 Bangkok 10661,803.48,2024-12-02,shipped
667,john.smith@mail.com,Chen Wei,348 Moo 1 Bangkok 10992,505.66,2024-02-15,PENDING
668,duplicate@example.com,Ariya Wong,378 Moo 6 Bangkok 10900,212.2,2024-08-25,NEW
669,lisa.brown@mail.com,Ariya Wong,853 Moo 7 Bangkok 10813,273.3,2024-09-19,
670,duplicate@example.com,Somchai Jaidee,314 Moo 3 Bangkok 10853,195.22,2024-03-03,NEW
671,duplicate@example.com,Chen Wei,936 Moo 2 Bangkok 10115,911.93,2024-01-08,NEW
672,chen.wei@example.cn,John Smith,700 Moo 4 Bangkok 10987,878.83,2024-10-14,NEW
673,chen.wei@example.cn,Ariya Wong,705 Moo 8 Bangkok 10317,436.96,2024-07-10,shipped
674,ariya@test.co.th,John Smith,477 Moo 9 Bangkok 10971,626.48,2024-09-04,Shipped 
675,duplicate@example.com,Somchai Jaidee,62 Moo 8 Bangkok 10819,140.32,2024-05-10,PENDING
676,john.smith@mail.com,Lisa Brown,513 Moo 4 Bangkok 10884,906.32,2024-11-23,shipped
677,duplicate@example.com,Somchai Jaidee,497 Moo 10 Bangkok 10490,300.59,2024-08-18,shipped
678,ariya@test.co.th,Ariya Wong,382 Moo 5 Bangkok 10925,47.01,2024-03-12,PENDING
679,somchai@example.com,Lisa Brown,66 Moo 5 Bangkok 10958,580.16,2024-12-25,NEW
680,ariya@test.co.th,Somchai Jaidee,489 Moo 1 Bangkok 10770,463.98,2024-05-03,PENDING
681,duplicate@example.com,Lisa Brown,833 Moo 8 Bangkok 10204,329.74,2024-01-18,PENDING
682,somchai@example.com,Ariya Wong,938 Moo 2 Bangkok 10161,617.61,2024-06-03,PENDING
683,chen.wei@example.cn,Chen Wei,106 Moo 6 Bangkok 10575,534.79,2024-11-12,Shipped 
684,duplicate@example.com,Somchai Jaidee,626 Moo 6 Bangkok 10483,799.85,2024-07-17,PENDING
685,ariya@test.co.th,Chen Wei,92 Moo 7 Bangkok 10590,263.45,2024-03-28,NEW
686,duplicate@example.com,John Smith,442 Moo 6 Bangkok 10229,778.71,2024-07-08,
687,chen.wei@example.cn,Ariya Wong,56 Moo 4 Bangkok 10402,215.83,2024-05-23,NEW
688,john.smith@mail.com,Ariya Wong,913 Moo 8 Bangkok 10414,923.09,2024-08-22,NEW
689,duplicate@example.com,Lisa Brown,355 Moo 2 Bangkok 10374,559.86,2024-02-26,Shipped 
690,lisa.brown@mail.com,Lisa Brown,576 Moo 3 Bangkok 10665,18.86,2024-01-28,NEW
691,ariya@test.co.th,Ariya Wong,229 Moo 6 Bangkok 10218,617.6,2024-09-24,shipped
692,john.smith@mail.com,Lisa Brown,568 Moo 4 Bangkok 10270,736.49,2024-07-13,shipped
693,john.smith@mail.com,John Smith,407 Moo 8 Bangkok 10967,369.53,2024-07-17,PENDING
694,chen.wei@example.cn,Somchai Jaidee,425 Moo 7 Bangkok 10779,351.89,2024-10-16,NEW
695,lisa.brown@mail.com,Lisa Brown,339 Moo 10 Bangkok 10438,562.21,2024-12-19,PENDING
696,chen.wei@example.cn,Lisa Brown,955 Moo 6 Bangkok 10151,105.11,2024-12-27,
697,duplicate@example.com,John Smith,149 Moo 10 Bangkok 10303,296.45,2024-02-12,PENDING
698,john.smith@mail.com,John Smith,330 Moo 4 Bangkok 10807,674.21,2024-06-22,NEW
699,duplicate@example.com,Somchai Jaidee,80 Moo 8 Bangkok 10676,669.73,2024-01-04,NEW
700,ariya@test.co.th,Somchai Jaidee,652 Moo 10 Bangkok 10630,513.93,2024-06-21,PENDING
701,john.smith@mail.com,John Smith,449 Moo 10 Bangkok 10845,676.48,2024-08-04,PENDING
702,ariya@test.co.th,Somchai Jaidee,406 Moo 2 Bangkok 10914,341.39,2024-09-27,shipped
703,duplicate@example.com,Somchai Jaidee,390 Moo 9 Bangkok 10522,934.26,2024-07-21,
704,chen.wei@example.cn,Chen Wei,819 Moo 10 Bangkok 10226,740.9,2024-10-02,NEW
705,ariya@test.co.th,Somchai Jaidee,103 Moo 6 Bangkok 10990,307.29,2024-12-08,PENDING
706,duplicate@example.com,Lisa Brown,750 Moo 6 Bangkok 10272,611.39,2024-08-23,PENDING
707,lisa.brown@mail.com,Somchai Jaidee,246 Moo 8 Bangkok 10441,861.31,2024-09-09,shipped
708,somchai@example.com,John Smith,513 Moo 10 Bangkok 10651,212.73,2024-02-27,Shipped 
709,duplicate@example.com,Lisa Brown,264 Moo 4 Bangkok 10349,76.61,2024-11-10,
710,duplicate@example.com,Somchai Jaidee,22 Moo 9 Bangkok 10189,182.91,2024-06-22,NEW
711,duplicate@example.com,Ariya Wong,311 Moo 3 Bangkok 10634,891.07,2024-12-21,PENDING
712,duplicate@example.com,Ariya Wong,965 Moo 3 Bangkok 10155,653.88,2024-08-11,shipped
713,john.smith@mail.com,Somchai Jaidee,93 Moo 6 Bangkok 10713,74.45,2024-04-05,NEW
714,ariya@test.co.th,Chen Wei,837 Moo 3 Bangkok 10976,737.05,2024-06-26,
715,ariya@test.co.th,Chen Wei,620 Moo 3 Bangkok 10316,847.31,2024-04-17,shipped
716,chen.wei@example.cn,John Smith,86 Moo 10 Bangkok 10333,585.42,2024-03-02,NEW
717,somchai@example.com,Chen Wei,891 Moo 9 Bangkok 10353,728.82,2024-02-19,shipped
718,ariya@test.co.th,John Smith,953 Moo 9 Bangkok 10446,819.04,2024-03-06,Shipped 
719,lisa.brown@mail.com,Somchai Jaidee,637 Moo 3 Bangkok 10823,900.87,2024-10-05,Shipped 
720,duplicate@example.com,Somchai Jaidee,607 Moo 7 Bangkok 10248,49.97,2024-05-16,shipped
721,john.smith@mail.com,Lisa Brown,19 Moo 8 Bangkok 10680,266.56,2024-08-08,PENDING
722,chen.wei@example.cn,John Smith,395 Moo 2 Bangkok 10705,814.3,2024-10-05,
723,duplicate@example.com,Chen Wei,109 Moo 10 Bangkok 10681,423.46,2024-01-14,
724,chen.wei@example.cn,Chen Wei,730 Moo 9 Bangkok 10604,46.5,2024-03-07,Shipped 
725,duplicate@example.com,Lisa Brown,476 Moo 5 Bangkok 10846,125.14,2024-05-27,NEW
726,somchai@example.com,Somchai Jaidee,575 Moo 9 Bangkok 10654,946.32,2024-01-21,
727,john.smith@mail.com,Lisa Brown,234 Moo 5 Bangkok 10469,288.96,2024-06-25,NEW
728,chen.wei@example.cn,Lisa Brown,968 Moo 1 Bangkok 10181,43.99,2024-09-15,Shipped 
729,duplicate@example.com,Chen Wei,945 Moo 6 Bangkok 10503,46.64,2024-01-25,
730,somchai@example.com,Somchai Jaidee,270 Moo 4 Bangkok 10796,771.73,2024-04-14,shipped
731,lisa.brown@mail.com,John Smith,125 Moo 8 Bangkok 10483,248.8,2024-07-15,shipped
732,john.smith@mail.com,John Smith,661 Moo 5 Bangkok 10777,117.2,2024-10-21,Shipped 
733,lisa.brown@mail.com,Ariya Wong,501 Moo 10 Bangkok 10636,759.24,2024-01-17,
734,somchai@example.com,John Smith,522 Moo 9 Bangkok 10141,275.29,2024-06-28,shipped
735,somchai@example.com,Lisa Brown,47 Moo 5 Bangkok 10499,234.83,2024-01-26,NEW
736,lisa.brown@mail.com,John Smith,841 Moo 3 Bangkok 10131,685.16,2024-02-26,PENDING
737,somchai@example.com,Ariya Wong,565 Moo 9 Bangkok 10457,415.69,2024-02-08,PENDING
738,lisa.brown@mail.com,Chen Wei,221 Moo 4 Bangkok 10233,473.44,2024-01-13,
739,chen.wei@example.cn,Somchai Jaidee,119 Moo 6 Bangkok 10930,196.7,2024-07-12,PENDING
740,ariya@test.co.th,Ariya Wong,966 Moo 5 Bangkok 10440,470.61,2024-01-01,
741,ariya@test.co.th,Somchai Jaidee,563 Moo 1 Bangkok 10830,119.69,2024-07-07,Shipped 
742,duplicate@example.com,Ariya Wong,407 Moo 2 Bangkok 10319,101.61,2024-11-05,NEW
743,john.smith@mail.com,John Smith,141 Moo 3 Bangkok 10650,375.57,2024-08-13,shipped
744,duplicate@example.com,Ariya Wong,62 Moo 4 Bangkok 10174,519.58,2024-07-01,PENDING
745,chen.wei@example.cn,Somchai Jaidee,390 Moo 2 Bangkok 10197,545.74,2024-02-10,shipped
746,somchai@example.com,Chen Wei,370 Moo 10 Bangkok 10934,727.85,2024-04-05,NEW
747,john.smith@mail.com,Somchai Jaidee,605 Moo 6 Bangkok 10229,243.72,2024-09-16,
748,somchai@example.com,Ariya Wong,256 Moo 3 Bangkok 10885,135.23,2024-08-16,
749,john.smith@mail.com,Chen Wei,468 Moo 2 Bangkok 10284,707.34,2024-10-23,Shipped 
750,chen.wei@example.cn,Somchai Jaidee,937 Moo 9 Bangkok 10959,350.15,2024-01-04,NEW
751,somchai@example.com,Chen Wei,459 Moo 1 Bangkok 10197,716.53,2024-01-21,shipped
752,john.smith@mail.com,Ariya Wong,464 Moo 1 Bangkok 10813,647.27,2024-09-14,PENDING
753,lisa.brown@mail.com,Ariya Wong,957 Moo 5 Bangkok 10972,159.92,2024-06-18,PENDING
754,ariya@test.co.th,Chen Wei,383 Moo 5 Bangkok 10415,579.76,2024-09-14,
755,chen.wei@example.cn,Lisa Brown,358 Moo 6 Bangkok 10463,178.57,2024-09-05,
756,john.smith@mail.com,John Smith,90 Moo 2 Bangkok 10937,9.15,2024-09-04,PENDING
757,somchai@example.com,Ariya Wong,77 Moo 2 Bangkok 10974,948.75,2024-07-15,
758,duplicate@example.com,Ariya Wong,520 Moo 7 Bangkok 10420,46.02,2024-10-09,NEW
759,duplicate@example.com,Somchai Jaidee,792 Moo 3 Bangkok 10940,958.3,2024-01-08,Shipped 
760,chen.wei@example.cn,Somchai Jaidee,584 Moo 6 Bangkok 10863,178.62,2024-12-23,
761,duplicate@example.com,Lisa Brown,252 Moo 10 Bangkok 10235,,2024-09-18,PENDING
762,duplicate@example.com,Ariya Wong,543 Moo 2 Bangkok 10367,663.22,2024-11-10,shipped
763,john.smith@mail.com,Ariya Wong,678 Moo 9 Bangkok 10784,70.87,2024-02-12,Shipped 
764,chen.wei@example.cn,John Smith,252 Moo 2 Bangkok 10172,930.61,2024-10-18,
765,lisa.brown@mail.com,Somchai Jaidee,724 Moo 5 Bangkok 10678,532.33,2024-12-21,NEW
766,ariya@test.co.th,Lisa Brown,895 Moo 8 Bangkok 10279,379.17,2024-03-19,
767,duplicate@example.com,Lisa Brown,758 Moo 3 Bangkok 10510,343.76,2024-03-26,shipped
768,duplicate@example.com,Ariya Wong,360 Moo 3 Bangkok 10708,787.23,2024-08-26,PENDING
769,somchai@example.com,John Smith,956 Moo 2 Bangkok 10233,64.78,2024-09-09,PENDING
770,chen.wei@example.cn,Somchai Jaidee,278 Moo 9 Bangkok 10598,384.76,2024-03-05,shipped
771,chen.wei@example.cn,John Smith,951 Moo 7 Bangkok 10422,681.86,2024-03-12,
772,lisa.brown@mail.com,Somchai Jaidee,819 Moo 2 Bangkok 10725,849.7,2024-04-15,PENDING
773,somchai@example.com,Somchai Jaidee,556 Moo 10 Bangkok 10472,262.87,2024-02-18,NEW
774,somchai@example.com,Chen Wei,797 Moo 6 Bangkok 10726,781.05,2024-12-27,NEW
775,lisa.brown@mail.com,Ariya Wong,485 Moo 7 Bangkok 10673,875.56,2024-04-09,shipped
776,ariya@test.co.th,Ariya Wong,552 Moo 7 Bangkok 10156,985.33,2024-09-02,Shipped 
777,ariya@test.co.th,Somchai Jaidee,578 Moo 8 Bangkok 10478,655.52,2024-03-13,shipped
778,somchai@example.com,John Smith,826 Moo 10 Bangkok 10490,554.71,2024-12-08,NEW
779,duplicate@example.com,Lisa Brown,573 Moo 3 Bangkok 10177,694.91,2024-05-26,NEW
780,john.smith@mail.com,Ariya Wong,552 Moo 10 Bangkok 10688,732.21,2024-11-11,
781,chen.wei@example.cn,Lisa Brown,429 Moo 10 Bangkok 10324,304.96,2024-04-13,shipped
782,duplicate@example.com,John Smith,976 Moo 7 Bangkok 10977,144.72,2024-08-24,NEW
783,lisa.brown@mail.com,Lisa Brown,481 Moo 5 Bangkok 10877,377.36,2024-03-11,shipped
784,ariya@test.co.th,Lisa Brown,227 Moo 8 Bangkok 10235,902.14,2024-05-13,shipped
785,lisa.brown@mail.com,Somchai Jaidee,38 Moo 9 Bangkok 10648,949.11,2024-11-12,Shipped 
786,john.smith@mail.com,John Smith,160 Moo 10 Bangkok 10428,159.33,2024-07-03,Shipped 
787,somchai@example.com,Lisa Brown,639 Moo 3 Bangkok 10164,584.4,2024-11-11,PENDING
788,somchai@example.com,Chen Wei,382 Moo 7 Bangkok 10620,242.35,2024-01-27,NEW
789,chen.wei@example.cn,Ariya Wong,907 Moo 7 Bangkok 10724,639.13,2024-12-20,
790,chen.wei@example.cn,Chen Wei,383 Moo 6 Bangkok 10628,835.78,2024-08-02,shipped
791,duplicate@example.com,Somchai Jaidee,348 Moo 10 Bangkok 10766,393.85,2024-08-24,shipped
792,duplicate@example.com,Chen Wei,587 Moo 5 Bangkok 10410,657.76,2024-03-11,Shipped 
793,chen.wei@example.cn,Chen Wei,756 Moo 1 Bangkok 10871,879.2,2024-09-27,PENDING
794,john.smith@mail.com,Lisa Brown,358 Moo 3 Bangkok 10396,739.97,2024-09-25,shipped
795,duplicate@example.com,Somchai Jaidee,15 Moo 7 Bangkok 10475,671.36,2024-04-15,NEW
796,ariya@test.co.th,Somchai Jaidee,540 Moo 5 Bangkok 10879,519.19,2024-05-18,
797,lisa.brown@mail.com,Ariya Wong,999 Moo 3 Bangkok 10943,769.5,2024-04-05,NEW
798,duplicate@example.com,Ariya Wong,206 Moo 9 Bangkok 10309,549.28,2024-08-15,shipped
799,lisa.brown@mail.com,Ariya Wong,815 Moo 8 Bangkok 10708,306.76,2024-05-16,Shipped 
800,chen.wei@example.cn,John Smith,614 Moo 3 Bangkok 10548,550.03,2024-03-27,
801,ariya@test.co.th,Lisa Brown,973 Moo 7 Bangkok 10378,692.04,2024-06-26,PENDING
802,duplicate@example.com,Ariya Wong,826 Moo 7 Bangkok 10835,15.48,2024-03-18,Shipped 
803,duplicate@example.com,Lisa Brown,402 Moo 5 Bangkok 10208,,2024-02-14,Shipped 
804,duplicate@example.com,Ariya Wong,735 Moo 10 Bangkok 10417,712.26,2024-01-23,NEW
805,lisa.brown@mail.com,Ariya Wong,770 Moo 10 Bangkok 10660,921.04,2024-04-15,Shipped 
806,duplicate@example.com,Chen Wei,990 Moo 2 Bangkok 10677,139.36,2024-09-28,PENDING
807,somchai@example.com,Somchai Jaidee,410 Moo 9 Bangkok 10763,641.89,2024-05-26,shipped
808,somchai@example.com,Chen Wei,340 Moo 10 Bangkok 10587,168.19,2024-10-23,
809,duplicate@example.com,Lisa Brown,851 Moo 8 Bangkok 10343,776.52,2024-10-04,NEW
810,lisa.brown@mail.com,Lisa Brown,731 Moo 10 Bangkok 10673,140.77,2024-05-11,
811,duplicate@example.com,Chen Wei,176 Moo 4 Bangkok 10202,631.9,2024-10-14,NEW
812,ariya@test.co.th,Ariya Wong,104 Moo 10 Bangkok 10692,482.6,2024-09-20,Shipped 
813,duplicate@example.com,Somchai Jaidee,466 Moo 9 Bangkok 10732,774.88,2024-12-24,Shipped 
814,duplicate@example.com,Lisa Brown,356 Moo 6 Bangkok 10722,197.97,2024-09-09,Shipped 
815,duplicate@example.com,Ariya Wong,101 Moo 10 Bangkok 10860,62.2,2024-03-25,
816,john.smith@mail.com,Chen Wei,597 Moo 10 Bangkok 10536,535.7,2024-02-26,shipped
817,lisa.brown@mail.com,Lisa Brown,211 Moo 7 Bangkok 10455,526.27,2024-03-19,PENDING
818,lisa.brown@mail.com,John Smith,692 Moo 4 Bangkok 10345,382.96,2024-06-28,shipped
819,ariya@test.co.th,Ariya Wong,30 Moo 6 Bangkok 10951,89.98,2024-03-13,Shipped 
820,john.smith@mail.com,Somchai Jaidee,913 Moo 9 Bangkok 10530,299.79,2024-05-06,
821,john.smith@mail.com,Ariya Wong,155 Moo 9 Bangkok 10777,474.11,2024-04-21,shipped
822,duplicate@example.com,Somchai Jaidee,793 Moo 4 Bangkok 10975,369.3,2024-05-14,
823,somchai@example.com,Chen Wei,62 Moo 10 Bangkok 10661,134.73,2024-03-14,PENDING
824,lisa.brown@mail.com,Somchai Jaidee,20 Moo 5 Bangkok 10427,871.5,2024-01-23,shipped
825,ariya@test.co.th,Somchai Jaidee,300 Moo 8 Bangkok 10303,435.16,2024-05-10,Shipped 
826,somchai@example.com,Ariya Wong,287 Moo 8 Bangkok 10222,869.68,2024-04-07,
827,ariya@test.co.th,Somchai Jaidee,639 Moo 3 Bangkok 10621,63.42,2024-05-22,shipped
828,somchai@example.com,Chen Wei,250 Moo 5 Bangkok 10890,247.25,2024-04-09,PENDING
829,john.smith@mail.com,John Smith,998 Moo 6 Bangkok 10719,475.49,2024-12-13,NEW
830,lisa.brown@mail.com,Lisa Brown,275 Moo 9 Bangkok 10400,631.79,2024-04-19,shipped
831,ariya@test.co.th,Chen Wei,119 Moo 4 Bangkok 10289,111.75,2024-09-04,Shipped 
832,somchai@example.com,Chen Wei,280 Moo 8 Bangkok 10462,839.94,2024-01-08,
833,lisa.brown@mail.com,Ariya Wong,404 Moo 2 Bangkok 10251,526.52,2024-12-14,shipped
834,ariya@test.co.th,Lisa Brown,415 Moo 9 Bangkok 10577,953.67,2024-08-01,
835,duplicate@example.com,Ariya Wong,638 Moo 7 Bangkok 10902,763.8,2024-02-13,
836,john.smith@mail.com,John Smith,167 Moo 8 Bangkok 10514,303.57,2024-09-24,NEW
837,duplicate@example.com,Somchai Jaidee,101 Moo 3 Bangkok 10547,115.57,2024-11-05,NEW
838,duplicate@example.com,Chen Wei,300 Moo 5 Bangkok 10473,,2024-07-28,shipped
839,john.smith@mail.com,Ariya Wong,561 Moo 2 Bangkok 10887,438.7,2024-07-06,shipped
840,somchai@example.com,Somchai Jaidee,357 Moo 7 Bangkok 10766,222.58,2024-01-28,PENDING
841,chen.wei@example.cn,Chen Wei,110 Moo 10 Bangkok 10760,453.67,2024-07-17,NEW
842,somchai@example.com,Ariya Wong,698 Moo 8 Bangkok 10996,882.2,2024-06-09,
843,somchai@example.com,Somchai Jaidee,287 Moo 2 Bangkok 10941,353.04,2024-08-20,
844,chen.wei@example.cn,Chen Wei,979 Moo 10 Bangkok 10855,879.65,2024-02-14,shipped
845,john.smith@mail.com,Ariya Wong,406 Moo 2 Bangkok 10879,245.09,2024-02-07,
846,duplicate@example.com,John Smith,278 Moo 5 Bangkok 10669,211.23,2024-10-21,
847,lisa.brown@mail.com,John Smith,132 Moo 9 Bangkok 10526,34.39,2024-02-04,Shipped 
848,ariya@test.co.th,Somchai Jaidee,134 Moo 2 Bangkok 10984,478.63,2024-08-04,shipped
849,ariya@test.co.th,Ariya Wong,335 Moo 1 Bangkok 10175,775.3,2024-05-05,shipped
850,duplicate@example.com,Chen Wei,553 Moo 5 Bangkok 10959,,2024-12-26,NEW
851,duplicate@example.com,Ariya Wong,885 Moo 7 Bangkok 10896,634.83,2024-04-14,NEW
852,somchai@example.com,Ariya Wong,566 Moo 8 Bangkok 10730,81.91,2024-01-20,Shipped 
853,somchai@example.com,John Smith,755 Moo 5 Bangkok 10446,33.85,2024-10-23,PENDING
854,lisa.brown@mail.com,Ariya Wong,106 Moo 4 Bangkok 10735,700.15,2024-03-05,Shipped 
855,lisa.brown@mail.com,Somchai Jaidee,821 Moo 9 Bangkok 10864,,2024-07-25,shipped
856,chen.wei@example.cn,Somchai Jaidee,811 Moo 1 Bangkok 10784,893.32,2024-11-24,NEW
857,chen.wei@example.cn,John Smith,999 Moo 9 Bangkok 10607,888.64,2024-06-02,
858,somchai@example.com,Somchai Jaidee,158 Moo 8 Bangkok 10335,302.23,2024-12-06,NEW
859,ariya@test.co.th,John Smith,306 Moo 6 Bangkok 10301,377.29,2024-12-01,
860,john.smith@mail.com,John Smith,320 Moo 10 Bangkok 10336,892.42,2024-12-17,shipped
861,duplicate@example.com,John Smith,813 Moo 9 Bangkok 10812,995.33,2024-08-10,
862,ariya@test.co.th,Ariya Wong,250 Moo 6 Bangkok 10270,,2024-07-04,PENDING
863,duplicate@example.com,Somchai Jaidee,72 Moo 3 Bangkok 10304,16.98,2024-12-20,Shipped 
864,john.smith@mail.com,Chen Wei,155 Moo 7 Bangkok 10371,860.69,2024-11-02,
865,lisa.brown@mail.com,Ariya Wong,94 Moo 7 Bangkok 10844,533.46,2024-06-12,Shipped 
866,duplicate@example.com,Ariya Wong,937 Moo 4 Bangkok 10621,353.74,2024-08-14,
867,chen.wei@example.cn,John Smith,800 Moo 8 Bangkok 10226,578.42,2024-01-17,Shipped 
868,john.smith@mail.com,Somchai Jaidee,766 Moo 7 Bangkok 10597,203.6,2024-11-23,
869,lisa.brown@mail.com,John Smith,480 Moo 9 Bangkok 10608,130.67,2024-07-04,PENDING
870,duplicate@example.com,Ariya Wong,647 Moo 8 Bangkok 10776,749.09,2024-10-03,shipped
871,duplicate@example.com,Lisa Brown,138 Moo 3 Bangkok 10843,501.35,2024-07-20,NEW
872,chen.wei@example.cn,Chen Wei,187 Moo 3 Bangkok 10845,418.33,2024-04-19,
873,ariya@test.co.th,John Smith,273 Moo 7 Bangkok 10739,23.05,2024-01-23,Shipped 
874,john.smith@mail.com,Lisa Brown,998 Moo 10 Bangkok 10417,,2024-11-20,NEW
875,somchai@example.com,Chen Wei,392 Moo 4 Bangkok 10730,138.26,2024-12-11,shipped
876,ariya@test.co.th,Chen Wei,448 Moo 3 Bangkok 10813,55.47,2024-04-11,shipped
877,ariya@test.co.th,Lisa Brown,868 Moo 10 Bangkok 10189,961.92,2024-03-14,shipped
878,lisa.brown@mail.com,John Smith,685 Moo 10 Bangkok 10138,610.63,2024-03-16,PENDING
879,duplicate@example.com,Chen Wei,79 Moo 2 Bangkok 10567,672.75,2024-04-22,Shipped 
880,duplicate@example.com,Somchai Jaidee,770 Moo 6 Bangkok 10925,334.37,2024-02-19,PENDING
881,chen.wei@example.cn,Chen Wei,795 Moo 8 Bangkok 10176,903.52,2024-10-20,Shipped 
882,john.smith@mail.com,Lisa Brown,255 Moo 1 Bangkok 10429,786.99,2024-01-13,PENDING
883,duplicate@example.com,Lisa Brown,517 Moo 5 Bangkok 10229,,2024-03-11,
884,lisa.brown@mail.com,Chen Wei,338 Moo 6 Bangkok 10867,712.18,2024-12-12,PENDING
885,duplicate@example.com,Somchai Jaidee,30 Moo 8 Bangkok 10107,869.39,2024-03-10,shipped
886,lisa.brown@mail.com,Chen Wei,686 Moo 5 Bangkok 10216,134.13,2024-11-09,NEW
887,ariya@test.co.th,Somchai Jaidee,620 Moo 7 Bangkok 10133,512.7,2024-04-27,PENDING
888,duplicate@example.com,Somchai Jaidee,136 Moo 1 Bangkok 10957,593.99,2024-07-20,Shipped 
889,somchai@example.com,Somchai Jaidee,480 Moo 9 Bangkok 10171,705.01,2024-03-16,PENDING
890,somchai@example.com,Somchai Jaidee,352 Moo 9 Bangkok 10730,63.32,2024-11-24,PENDING
891,john.smith@mail.com,Lisa Brown,417 Moo 9 Bangkok 10771,142.0,2024-08-26,shipped
892,lisa.brown@mail.com,Lisa Brown,692 Moo 1 Bangkok 10374,667.22,2024-10-01,
893,duplicate@example.com,Ariya Wong,650 Moo 9 Bangkok 10524,817.21,2024-11-14,PENDING
894,lisa.brown@mail.com,John Smith,470 Moo 9 Bangkok 10144,609.79,2024-10-16,NEW
895,duplicate@example.com,Lisa Brown,332 Moo 1 Bangkok 10439,232.7,2024-08-25,NEW
896,somchai@example.com,Lisa Brown,511 Moo 9 Bangkok 10601,548.55,2024-08-21,
897,chen.wei@example.cn,John Smith,55 Moo 3 Bangkok 10190,547.55,2024-05-20,NEW
898,chen.wei@example.cn,Ariya Wong,818 Moo 5 Bangkok 10466,469.17,2024-09-20,
899,chen.wei@example.cn,John Smith,890 Moo 8 Bangkok 10919,548.74,2024-04-20,NEW
900,somchai@example.com,Ariya Wong,19 Moo 3 Bangkok 10820,701.79,2024-08-14,
901,ariya@test.co.th,Chen Wei,525 Moo 2 Bangkok 10940,547.05,2024-02-09,shipped
902,duplicate@example.com,Lisa Brown,469 Moo 4 Bangkok 10196,204.63,2024-01-17,Shipped 
903,somchai@example.com,Lisa Brown,26 Moo 1 Bangkok 10306,45.46,2024-12-20,NEW
904,somchai@example.com,Ariya Wong,835 Moo 8 Bangkok 10490,108.71,2024-12-10,Shipped 
905,chen.wei@example.cn,Somchai Jaidee,2 Moo 6 Bangkok 10218,292.41,2024-02-08,PENDING
906,ariya@test.co.th,Ariya Wong,775 Moo 7 Bangkok 10738,583.19,2024-05-25,Shipped 
907,chen.wei@example.cn,John Smith,363 Moo 3 Bangkok 10155,344.87,2024-05-04,shipped
908,somchai@example.com,Somchai Jaidee,371 Moo 4 Bangkok 10839,143.3,2024-07-25,PENDING
909,duplicate@example.com,Ariya Wong,629 Moo 4 Bangkok 10945,728.11,2024-04-03,Shipped 
910,ariya@test.co.th,John Smith,609 Moo 4 Bangkok 10753,148.62,2024-05-20,shipped
911,john.smith@mail.com,Somchai Jaidee,284 Moo 4 Bangkok 10946,23.92,2024-04-11,shipped
912,ariya@test.co.th,John Smith,77 Moo 4 Bangkok 10300,176.15,2024-07-23,NEW
913,duplicate@example.com,Lisa Brown,1 Moo 8 Bangkok 10954,169.5,2024-12-22,
914,somchai@example.com,Lisa Brown,16 Moo 7 Bangkok 10773,442.37,2024-05-24,NEW
915,somchai@example.com,Somchai Jaidee,970 Moo 3 Bangkok 10332,397.99,2024-09-23,PENDING
916,ariya@test.co.th,Lisa Brown,443 Moo 4 Bangkok 10796,684.3,2024-09-20,Shipped 
917,duplicate@example.com,Somchai Jaidee,359 Moo 5 Bangkok 10904,234.29,2024-07-09,
918,ariya@test.co.th,Chen Wei,107 Moo 4 Bangkok 10712,916.36,2024-06-12,shipped
919,lisa.brown@mail.com,Chen Wei,781 Moo 3 Bangkok 10783,398.12,2024-11-15,shipped
920,duplicate@example.com,John Smith,640 Moo 10 Bangkok 10957,132.59,2024-07-19,PENDING
921,ariya@test.co.th,Lisa Brown,625 Moo 7 Bangkok 10297,,2024-08-03,PENDING
922,ariya@test.co.th,Ariya Wong,636 Moo 4 Bangkok 10157,971.69,2024-12-13,NEW
923,duplicate@example.com,Ariya Wong,904 Moo 5 Bangkok 10840,118.3,2024-09-12,
924,ariya@test.co.th,John Smith,468 Moo 6 Bangkok 10992,67.7,2024-10-16,Shipped 
925,somchai@example.com,Chen Wei,165 Moo 2 Bangkok 10926,549.78,2024-08-17,
926,ariya@test.co.th,Ariya Wong,98 Moo 5 Bangkok 10217,871.59,2024-10-10,shipped
927,somchai@example.com,John Smith,936 Moo 2 Bangkok 10946,952.46,2024-04-15,NEW
928,duplicate@example.com,Ariya Wong,534 Moo 2 Bangkok 10806,344.72,2024-10-24,
929,somchai@example.com,Chen Wei,648 Moo 6 Bangkok 10143,576.27,2024-06-15,PENDING
930,chen.wei@example.cn,John Smith,870 Moo 4 Bangkok 10584,705.31,2024-07-23,shipped
931,chen.wei@example.cn,Chen Wei,311 Moo 6 Bangkok 10566,116.75,2024-10-11,shipped
932,duplicate@example.com,Somchai Jaidee,177 Moo 8 Bangkok 10744,693.87,2024-11-26,shipped
933,duplicate@example.com,Lisa Brown,808 Moo 2 Bangkok 10509,900.74,2024-11-24,PENDING
934,somchai@example.com,John Smith,775 Moo 6 Bangkok 10164,199.31,2024-12-21,shipped
935,ariya@test.co.th,John Smith,503 Moo 9 Bangkok 10857,169.98,2024-09-18,Shipped 
936,duplicate@example.com,Lisa Brown,618 Moo 7 Bangkok 10327,827.67,2024-09-24,PENDING
937,john.smith@mail.com,John Smith,465 Moo 1 Bangkok 10228,829.58,2024-12-07,PENDING
938,lisa.brown@mail.com,John Smith,745 Moo 1 Bangkok 10373,878.54,2024-03-18,shipped
939,duplicate@example.com,Lisa Brown,165 Moo 3 Bangkok 10701,869.57,2024-11-08,NEW
940,duplicate@example.com,Somchai Jaidee,865 Moo 2 Bangkok 10864,,2024-05-11,shipped
941,chen.wei@example.cn,Ariya Wong,425 Moo 10 Bangkok 10417,967.64,2024-03-18,shipped
942,lisa.brown@mail.com,Somchai Jaidee,159 Moo 3 Bangkok 10900,840.71,2024-08-11,
943,ariya@test.co.th,Ariya Wong,329 Moo 2 Bangkok 10947,,2024-06-11,shipped
944,lisa.brown@mail.com,Lisa Brown,993 Moo 6 Bangkok 10633,796.53,2024-01-03,Shipped 
945,somchai@example.com,Ariya Wong,227 Moo 10 Bangkok 10687,193.6,2024-07-23,
946,duplicate@example.com,Somchai Jaidee,221 Moo 8 Bangkok 10622,932.34,2024-09-20,NEW
947,somchai@example.com,Lisa Brown,669 Moo 6 Bangkok 10711,782.93,2024-02-03,Shipped 
948,duplicate@example.com,Ariya Wong,491 Moo 5 Bangkok 10437,225.59,2024-04-19,shipped
949,chen.wei@example.cn,Ariya Wong,902 Moo 7 Bangkok 10277,431.11,2024-04-05,
950,ariya@test.co.th,Somchai Jaidee,67 Moo 6 Bangkok 10342,793.28,2024-09-21,NEW
951,somchai@example.com,Ariya Wong,230 Moo 5 Bangkok 10589,675.75,2024-05-15,
952,duplicate@example.com,Lisa Brown,377 Moo 4 Bangkok 10587,773.64,2024-07-01,Shipped 
953,duplicate@example.com,Lisa Brown,838 Moo 10 Bangkok 10224,85.8,2024-04-15,
954,duplicate@example.com,John Smith,615 Moo 6 Bangkok 10774,806.51,2024-02-15,Shipped 
955,john.smith@mail.com,Lisa Brown,649 Moo 1 Bangkok 10747,392.36,2024-04-20,Shipped 
956,lisa.brown@mail.com,Ariya Wong,708 Moo 10 Bangkok 10193,430.37,2024-10-17,PENDING
957,ariya@test.co.th,Ariya Wong,582 Moo 8 Bangkok 10849,136.29,2024-10-16,shipped
958,john.smith@mail.com,Somchai Jaidee,709 Moo 7 Bangkok 10434,895.85,2024-02-05,NEW
959,duplicate@example.com,Chen Wei,534 Moo 6 Bangkok 10603,614.99,2024-04-08,shipped
960,chen.wei@example.cn,Chen Wei,570 Moo 7 Bangkok 10624,51.1,2024-11-17,PENDING
961,john.smith@mail.com,Chen Wei,926 Moo 7 Bangkok 10248,777.06,2024-11-05,Shipped 
962,somchai@example.com,Lisa Brown,815 Moo 7 Bangkok 10183,90.63,2024-08-17,Shipped 
963,somchai@example.com,John Smith,796 Moo 6 Bangkok 10653,486.97,2024-05-25,Shipped 
964,ariya@test.co.th,Lisa Brown,556 Moo 2 Bangkok 10623,21.22,2024-11-01,
965,duplicate@example.com,Ariya Wong,744 Moo 2 Bangkok 10391,355.45,2024-11-27,NEW
966,lisa.brown@mail.com,Chen Wei,230 Moo 2 Bangkok 10957,739.55,2024-01-14,Shipped 
967,duplicate@example.com,Ariya Wong,767 Moo 4 Bangkok 10802,885.65,2024-03-05,
968,duplicate@example.com,Chen Wei,853 Moo 8 Bangkok 10621,301.89,2024-10-13,shipped
969,duplicate@example.com,Chen Wei,329 Moo 1 Bangkok 10924,999.06,2024-06-28,NEW
970,somchai@example.com,Chen Wei,763 Moo 2 Bangkok 10704,37.09,2024-04-19,PENDING
971,john.smith@mail.com,Ariya Wong,543 Moo 1 Bangkok 10753,588.07,2024-05-19,PENDING
972,duplicate@example.com,Lisa Brown,215 Moo 1 Bangkok 10477,526.15,2024-10-06,PENDING
973,duplicate@example.com,Ariya Wong,735 Moo 5 Bangkok 10851,634.51,2024-12-04,PENDING
974,somchai@example.com,Ariya Wong,859 Moo 6 Bangkok 10530,973.79,2024-10-11,
975,john.smith@mail.com,Somchai Jaidee,679 Moo 2 Bangkok 10648,886.47,2024-08-01,shipped
976,lisa.brown@mail.com,Lisa Brown,126 Moo 5 Bangkok 10454,767.77,2024-09-25,shipped
977,duplicate@example.com,John Smith,451 Moo 7 Bangkok 10260,461.62,2024-02-24,Shipped 
978,somchai@example.com,Ariya Wong,824 Moo 9 Bangkok 10959,482.25,2024-03-24,Shipped 
979,chen.wei@example.cn,Ariya Wong,795 Moo 5 Bangkok 10196,635.5,2024-10-02,PENDING
980,chen.wei@example.cn,Ariya Wong,759 Moo 4 Bangkok 10121,65.33,2024-03-09,Shipped 
981,lisa.brown@mail.com,Lisa Brown,631 Moo 9 Bangkok 10208,481.12,2024-07-01,
982,duplicate@example.com,John Smith,187 Moo 1 Bangkok 10543,928.91,2024-12-18,NEW
983,duplicate@example.com,Somchai Jaidee,909 Moo 1 Bangkok 10966,161.17,2024-12-03,NEW
984,chen.wei@example.cn,Lisa Brown,28 Moo 5 Bangkok 10507,849.13,2024-04-28,Shipped 
985,ariya@test.co.th,John Smith,184 Moo 3 Bangkok 10361,438.66,2024-11-15,
986,lisa.brown@mail.com,John Smith,43 Moo 1 Bangkok 10755,170.81,2024-05-02,NEW
987,somchai@example.com,Ariya Wong,962 Moo 5 Bangkok 10706,596.17,2024-08-06,PENDING
988,chen.wei@example.cn,Somchai Jaidee,349 Moo 10 Bangkok 10971,271.1,2024-12-05,Shipped 
989,lisa.brown@mail.com,Chen Wei,159 Moo 9 Bangkok 10411,894.55,2024-09-25,
990,duplicate@example.com,Lisa Brown,843 Moo 9 Bangkok 10388,343.69,2024-10-10,shipped
991,chen.wei@example.cn,Chen Wei,907 Moo 3 Bangkok 10459,624.44,2024-09-20,PENDING
992,duplicate@example.com,John Smith,196 Moo 3 Bangkok 10322,577.29,2024-10-05,PENDING
993,somchai@example.com,Somchai Jaidee,364 Moo 9 Bangkok 10135,965.65,2024-06-22,
994,john.smith@mail.com,Somchai Jaidee,488 Moo 3 Bangkok 10142,33.54,2024-06-14,shipped
995,chen.wei@example.cn,Chen Wei,663 Moo 10 Bangkok 10275,984.92,2024-08-04,NEW
996,chen.wei@example.cn,John Smith,546 Moo 9 Bangkok 10971,357.42,2024-07-10,PENDING
997,ariya@test.co.th,Ariya Wong,452 Moo 8 Bangkok 10370,645.6,2024-10-13,
998,john.smith@mail.com,Somchai Jaidee,584 Moo 5 Bangkok 10424,932.81,2024-05-05,NEW
999,john.smith@mail.com,Lisa Brown,228 Moo 1 Bangkok 10725,738.26,2024-10-05,NEW
1000,somchai@example.com,Somchai Jaidee,375 Moo 6 Bangkok 10187,925.05,2024-09-02,Shipped 
