date_key,full_date,year,month,week,day,weekday
1,2023-01-01,2023,1,52,1,Sunday
2,2023-01-02,2023,1,1,2,Monday
3,2023-01-03,2023,1,1,3,Tuesday
4,2023-01-04,2023,1,1,4,Wednesday
5,2023-01-05,2023,1,1,5,Thursday
6,2023-01-06,2023,1,1,6,Friday
7,2023-01-07,2023,1,1,7,Saturday
8,2023-01-08,2023,1,1,8,Sunday
9,2023-01-09,2023,1,2,9,Monday
10,2023-01-10,2023,1,2,10,Tuesday
11,2023-01-11,2023,1,2,11,Wednesday
12,2023-01-12,2023,1,2,12,Thursday
13,2023-01-13,2023,1,2,13,Friday
14,2023-01-14,2023,1,2,14,Saturday
15,2023-01-15,2023,1,2,15,Sunday
16,2023-01-16,2023,1,3,16,Monday
17,2023-01-17,2023,1,3,17,Tuesday
18,2023-01-18,2023,1,3,18,Wednesday
19,2023-01-19,2023,1,3,19,Thursday
20,2023-01-20,2023,1,3,20,Friday
21,2023-01-21,2023,1,3,21,Saturday
22,2023-01-22,2023,1,3,22,Sunday
23,2023-01-23,2023,1,4,23,Monday
24,2023-01-24,2023,1,4,24,Tuesday
25,2023-01-25,2023,1,4,25,Wednesday
26,2023-01-26,2023,1,4,26,Thursday
27,2023-01-27,2023,1,4,27,Friday
28,2023-01-28,2023,1,4,28,Saturday
29,2023-01-29,2023,1,4,29,Sunday
30,2023-01-30,2023,1,5,30,Monday
31,2023-01-31,2023,1,5,31,Tuesday
32,2023-02-01,2023,2,5,1,Wednesday
33,2023-02-02,2023,2,5,2,Thursday
34,2023-02-03,2023,2,5,3,Friday
35,2023-02-04,2023,2,5,4,Saturday
36,2023-02-05,2023,2,5,5,Sunday
37,2023-02-06,2023,2,6,6,Monday
38,2023-02-07,2023,2,6,7,Tuesday
39,2023-02-08,2023,2,6,8,Wednesday
40,2023-02-09,2023,2,6,9,Thursday
41,2023-02-10,2023,2,6,10,Friday
42,2023-02-11,2023,2,6,11,Saturday
43,2023-02-12,2023,2,6,12,Sunday
44,2023-02-13,2023,2,7,13,Monday
45,2023-02-14,2023,2,7,14,Tuesday
46,2023-02-15,2023,2,7,15,Wednesday
47,2023-02-16,2023,2,7,16,Thursday
48,2023-02-17,2023,2,7,17,Friday
49,2023-02-18,2023,2,7,18,Saturday
50,2023-02-19,2023,2,7,19,Sunday
51,2023-02-20,2023,2,8,20,Monday
52,2023-02-21,2023,2,8,21,Tuesday
53,2023-02-22,2023,2,8,22,Wednesday
54,2023-02-23,2023,2,8,23,Thursday
55,2023-02-24,2023,2,8,24,Friday
56,2023-02-25,2023,2,8,25,Saturday
57,2023-02-26,2023,2,8,26,Sunday
58,2023-02-27,2023,2,9,27,Monday
59,2023-02-28,2023,2,9,28,Tuesday
60,2023-03-01,2023,3,9,1,Wednesday
61,2023-03-02,2023,3,9,2,Thursday
62,2023-03-03,2023,3,9,3,Friday
63,2023-03-04,2023,3,9,4,Saturday
64,2023-03-05,2023,3,9,5,Sunday
65,2023-03-06,2023,3,10,6,Monday
66,2023-03-07,2023,3,10,7,Tuesday
67,2023-03-08,2023,3,10,8,Wednesday
68,2023-03-09,2023,3,10,9,Thursday
69,2023-03-10,2023,3,10,10,Friday
70,2023-03-11,2023,3,10,11,Saturday
71,2023-03-12,2023,3,10,12,Sunday
72,2023-03-13,2023,3,11,13,Monday
73,2023-03-14,2023,3,11,14,Tuesday
74,2023-03-15,2023,3,11,15,Wednesday
75,2023-03-16,2023,3,11,16,Thursday
76,2023-03-17,2023,3,11,17,Friday
77,2023-03-18,2023,3,11,18,Saturday
78,2023-03-19,2023,3,11,19,Sunday
79,2023-03-20,2023,3,12,20,Monday
80,2023-03-21,2023,3,12,21,Tuesday
81,2023-03-22,2023,3,12,22,Wednesday
82,2023-03-23,2023,3,12,23,Thursday
83,2023-03-24,2023,3,12,24,Friday
84,2023-03-25,2023,3,12,25,Saturday
85,2023-03-26,2023,3,12,26,Sunday
86,2023-03-27,2023,3,13,27,Monday
87,2023-03-28,2023,3,13,28,Tuesday
88,2023-03-29,2023,3,13,29,Wednesday
89,2023-03-30,2023,3,13,30,Thursday
90,2023-03-31,2023,3,13,31,Friday
91,2023-04-01,2023,4,13,1,Saturday
92,2023-04-02,2023,4,13,2,Sunday
93,2023-04-03,2023,4,14,3,Monday
94,2023-04-04,2023,4,14,4,Tuesday
95,2023-04-05,2023,4,14,5,Wednesday
96,2023-04-06,2023,4,14,6,Thursday
97,2023-04-07,2023,4,14,7,Friday
98,2023-04-08,2023,4,14,8,Saturday
99,2023-04-09,2023,4,14,9,Sunday
100,2023-04-10,2023,4,15,10,Monday
101,2023-04-11,2023,4,15,11,Tuesday
102,2023-04-12,2023,4,15,12,Wednesday
103,2023-04-13,2023,4,15,13,Thursday
104,2023-04-14,2023,4,15,14,Friday
105,2023-04-15,2023,4,15,15,Saturday
106,2023-04-16,2023,4,15,16,Sunday
107,2023-04-17,2023,4,16,17,Monday
108,2023-04-18,2023,4,16,18,Tuesday
109,2023-04-19,2023,4,16,19,Wednesday
110,2023-04-20,2023,4,16,20,Thursday
111,2023-04-21,2023,4,16,21,Friday
112,2023-04-22,2023,4,16,22,Saturday
113,2023-04-23,2023,4,16,23,Sunday
114,2023-04-24,2023,4,17,24,Monday
115,2023-04-25,2023,4,17,25,Tuesday
116,2023-04-26,2023,4,17,26,Wednesday
117,2023-04-27,2023,4,17,27,Thursday
118,2023-04-28,2023,4,17,28,Friday
119,2023-04-29,2023,4,17,29,Saturday
120,2023-04-30,2023,4,17,30,Sunday
121,2023-05-01,2023,5,18,1,Monday
122,2023-05-02,2023,5,18,2,Tuesday
123,2023-05-03,2023,5,18,3,Wednesday
124,2023-05-04,2023,5,18,4,Thursday
125,2023-05-05,2023,5,18,5,Friday
126,2023-05-06,2023,5,18,6,Saturday
127,2023-05-07,2023,5,18,7,Sunday
128,2023-05-08,2023,5,19,8,Monday
129,2023-05-09,2023,5,19,9,Tuesday
130,2023-05-10,2023,5,19,10,Wednesday
131,2023-05-11,2023,5,19,11,Thursday
132,2023-05-12,2023,5,19,12,Friday
133,2023-05-13,2023,5,19,13,Saturday
134,2023-05-14,2023,5,19,14,Sunday
135,2023-05-15,2023,5,20,15,Monday
136,2023-05-16,2023,5,20,16,Tuesday
137,2023-05-17,2023,5,20,17,Wednesday
138,2023-05-18,2023,5,20,18,Thursday
139,2023-05-19,2023,5,20,19,Friday
140,2023-05-20,2023,5,20,20,Saturday
141,2023-05-21,2023,5,20,21,Sunday
142,2023-05-22,2023,5,21,22,Monday
143,2023-05-23,2023,5,21,23,Tuesday
144,2023-05-24,2023,5,21,24,Wednesday
145,2023-05-25,2023,5,21,25,Thursday
146,2023-05-26,2023,5,21,26,Friday
147,2023-05-27,2023,5,21,27,Saturday
148,2023-05-28,2023,5,21,28,Sunday
149,2023-05-29,2023,5,22,29,Monday
150,2023-05-30,2023,5,22,30,Tuesday
151,2023-05-31,2023,5,22,31,Wednesday
152,2023-06-01,2023,6,22,1,Thursday
153,2023-06-02,2023,6,22,2,Friday
154,2023-06-03,2023,6,22,3,Saturday
155,2023-06-04,2023,6,22,4,Sunday
156,2023-06-05,2023,6,23,5,Monday
157,2023-06-06,2023,6,23,6,Tuesday
158,2023-06-07,2023,6,23,7,Wednesday
159,2023-06-08,2023,6,23,8,Thursday
160,2023-06-09,2023,6,23,9,Friday
161,2023-06-10,2023,6,23,10,Saturday
162,2023-06-11,2023,6,23,11,Sunday
163,2023-06-12,2023,6,24,12,Monday
164,2023-06-13,2023,6,24,13,Tuesday
165,2023-06-14,2023,6,24,14,Wednesday
166,2023-06-15,2023,6,24,15,Thursday
167,2023-06-16,2023,6,24,16,Friday
168,2023-06-17,2023,6,24,17,Saturday
169,2023-06-18,2023,6,24,18,Sunday
170,2023-06-19,2023,6,25,19,Monday
171,2023-06-20,2023,6,25,20,Tuesday
172,2023-06-21,2023,6,25,21,Wednesday
173,2023-06-22,2023,6,25,22,Thursday
174,2023-06-23,2023,6,25,23,Friday
175,2023-06-24,2023,6,25,24,Saturday
176,2023-06-25,2023,6,25,25,Sunday
177,2023-06-26,2023,6,26,26,Monday
178,2023-06-27,2023,6,26,27,Tuesday
179,2023-06-28,2023,6,26,28,Wednesday
180,2023-06-29,2023,6,26,29,Thursday
181,2023-06-30,2023,6,26,30,Friday
182,2023-07-01,2023,7,26,1,Saturday
183,2023-07-02,2023,7,26,2,Sunday
184,2023-07-03,2023,7,27,3,Monday
185,2023-07-04,2023,7,27,4,Tuesday
186,2023-07-05,2023,7,27,5,Wednesday
187,2023-07-06,2023,7,27,6,Thursday
188,2023-07-07,2023,7,27,7,Friday
189,2023-07-08,2023,7,27,8,Saturday
190,2023-07-09,2023,7,27,9,Sunday
191,2023-07-10,2023,7,28,10,Monday
192,2023-07-11,2023,7,28,11,Tuesday
193,2023-07-12,2023,7,28,12,Wednesday
194,2023-07-13,2023,7,28,13,Thursday
195,2023-07-14,2023,7,28,14,Friday
196,2023-07-15,2023,7,28,15,Saturday
197,2023-07-16,2023,7,28,16,Sunday
198,2023-07-17,2023,7,29,17,Monday
199,2023-07-18,2023,7,29,18,Tuesday
200,2023-07-19,2023,7,29,19,Wednesday
201,2023-07-20,2023,7,29,20,Thursday
202,2023-07-21,2023,7,29,21,Friday
203,2023-07-22,2023,7,29,22,Saturday
204,2023-07-23,2023,7,29,23,Sunday
205,2023-07-24,2023,7,30,24,Monday
206,2023-07-25,2023,7,30,25,Tuesday
207,2023-07-26,2023,7,30,26,Wednesday
208,2023-07-27,2023,7,30,27,Thursday
209,2023-07-28,2023,7,30,28,Friday
210,2023-07-29,2023,7,30,29,Saturday
211,2023-07-30,2023,7,30,30,Sunday
212,2023-07-31,2023,7,31,31,Monday
213,2023-08-01,2023,8,31,1,Tuesday
214,2023-08-02,2023,8,31,2,Wednesday
215,2023-08-03,2023,8,31,3,Thursday
216,2023-08-04,2023,8,31,4,Friday
217,2023-08-05,2023,8,31,5,Saturday
218,2023-08-06,2023,8,31,6,Sunday
219,2023-08-07,2023,8,32,7,Monday
220,2023-08-08,2023,8,32,8,Tuesday
221,2023-08-09,2023,8,32,9,Wednesday
222,2023-08-10,2023,8,32,10,Thursday
223,2023-08-11,2023,8,32,11,Friday
224,2023-08-12,2023,8,32,12,Saturday
225,2023-08-13,2023,8,32,13,Sunday
226,2023-08-14,2023,8,33,14,Monday
227,2023-08-15,2023,8,33,15,Tuesday
228,2023-08-16,2023,8,33,16,Wednesday
229,2023-08-17,2023,8,33,17,Thursday
230,2023-08-18,2023,8,33,18,Friday
231,2023-08-19,2023,8,33,19,Saturday
232,2023-08-20,2023,8,33,20,Sunday
233,2023-08-21,2023,8,34,21,Monday
234,2023-08-22,2023,8,34,22,Tuesday
235,2023-08-23,2023,8,34,23,Wednesday
236,2023-08-24,2023,8,34,24,Thursday
237,2023-08-25,2023,8,34,25,Friday
238,2023-08-26,2023,8,34,26,Saturday
239,2023-08-27,2023,8,34,27,Sunday
240,2023-08-28,2023,8,35,28,Monday
241,2023-08-29,2023,8,35,29,Tuesday
242,2023-08-30,2023,8,35,30,Wednesday
243,2023-08-31,2023,8,35,31,Thursday
244,2023-09-01,2023,9,35,1,Friday
245,2023-09-02,2023,9,35,2,Saturday
246,2023-09-03,2023,9,35,3,Sunday
247,2023-09-04,2023,9,36,4,Monday
248,2023-09-05,2023,9,36,5,Tuesday
249,2023-09-06,2023,9,36,6,Wednesday
250,2023-09-07,2023,9,36,7,Thursday
251,2023-09-08,2023,9,36,8,Friday
252,2023-09-09,2023,9,36,9,Saturday
253,2023-09-10,2023,9,36,10,Sunday
254,2023-09-11,2023,9,37,11,Monday
255,2023-09-12,2023,9,37,12,Tuesday
256,2023-09-13,2023,9,37,13,Wednesday
257,2023-09-14,2023,9,37,14,Thursday
258,2023-09-15,2023,9,37,15,Friday
259,2023-09-16,2023,9,37,16,Saturday
260,2023-09-17,2023,9,37,17,Sunday
261,2023-09-18,2023,9,38,18,Monday
262,2023-09-19,2023,9,38,19,Tuesday
263,2023-09-20,2023,9,38,20,Wednesday
264,2023-09-21,2023,9,38,21,Thursday
265,2023-09-22,2023,9,38,22,Friday
266,2023-09-23,2023,9,38,23,Saturday
267,2023-09-24,2023,9,38,24,Sunday
268,2023-09-25,2023,9,39,25,Monday
269,2023-09-26,2023,9,39,26,Tuesday
270,2023-09-27,2023,9,39,27,Wednesday
271,2023-09-28,2023,9,39,28,Thursday
272,2023-09-29,2023,9,39,29,Friday
273,2023-09-30,2023,9,39,30,Saturday
274,2023-10-01,2023,10,39,1,Sunday
275,2023-10-02,2023,10,40,2,Monday
276,2023-10-03,2023,10,40,3,Tuesday
277,2023-10-04,2023,10,40,4,Wednesday
278,2023-10-05,2023,10,40,5,Thursday
279,2023-10-06,2023,10,40,6,Friday
280,2023-10-07,2023,10,40,7,Saturday
281,2023-10-08,2023,10,40,8,Sunday
282,2023-10-09,2023,10,41,9,Monday
283,2023-10-10,2023,10,41,10,Tuesday
284,2023-10-11,2023,10,41,11,Wednesday
285,2023-10-12,2023,10,41,12,Thursday
286,2023-10-13,2023,10,41,13,Friday
287,2023-10-14,2023,10,41,14,Saturday
288,2023-10-15,2023,10,41,15,Sunday
289,2023-10-16,2023,10,42,16,Monday
290,2023-10-17,2023,10,42,17,Tuesday
291,2023-10-18,2023,10,42,18,Wednesday
292,2023-10-19,2023,10,42,19,Thursday
293,2023-10-20,2023,10,42,20,Friday
294,2023-10-21,2023,10,42,21,Saturday
295,2023-10-22,2023,10,42,22,Sunday
296,2023-10-23,2023,10,43,23,Monday
297,2023-10-24,2023,10,43,24,Tuesday
298,2023-10-25,2023,10,43,25,Wednesday
299,2023-10-26,2023,10,43,26,Thursday
300,2023-10-27,2023,10,43,27,Friday
301,2023-10-28,2023,10,43,28,Saturday
302,2023-10-29,2023,10,43,29,Sunday
303,2023-10-30,2023,10,44,30,Monday
304,2023-10-31,2023,10,44,31,Tuesday
305,2023-11-01,2023,11,44,1,Wednesday
306,2023-11-02,2023,11,44,2,Thursday
307,2023-11-03,2023,11,44,3,Friday
308,2023-11-04,2023,11,44,4,Saturday
309,2023-11-05,2023,11,44,5,Sunday
310,2023-11-06,2023,11,45,6,Monday
311,2023-11-07,2023,11,45,7,Tuesday
312,2023-11-08,2023,11,45,8,Wednesday
313,2023-11-09,2023,11,45,9,Thursday
314,2023-11-10,2023,11,45,10,Friday
315,2023-11-11,2023,11,45,11,Saturday
316,2023-11-12,2023,11,45,12,Sunday
317,2023-11-13,2023,11,46,13,Monday
318,2023-11-14,2023,11,46,14,Tuesday
319,2023-11-15,2023,11,46,15,Wednesday
320,2023-11-16,2023,11,46,16,Thursday
321,2023-11-17,2023,11,46,17,Friday
322,2023-11-18,2023,11,46,18,Saturday
323,2023-11-19,2023,11,46,19,Sunday
324,2023-11-20,2023,11,47,20,Monday
325,2023-11-21,2023,11,47,21,Tuesday
326,2023-11-22,2023,11,47,22,Wednesday
327,2023-11-23,2023,11,47,23,Thursday
328,2023-11-24,2023,11,47,24,Friday
329,2023-11-25,2023,11,47,25,Saturday
330,2023-11-26,2023,11,47,26,Sunday
331,2023-11-27,2023,11,48,27,Monday
332,2023-11-28,2023,11,48,28,Tuesday
333,2023-11-29,2023,11,48,29,Wednesday
334,2023-11-30,2023,11,48,30,Thursday
335,2023-12-01,2023,12,48,1,Friday
336,2023-12-02,2023,12,48,2,Saturday
337,2023-12-03,2023,12,48,3,Sunday
338,2023-12-04,2023,12,49,4,Monday
339,2023-12-05,2023,12,49,5,Tuesday
340,2023-12-06,2023,12,49,6,Wednesday
341,2023-12-07,2023,12,49,7,Thursday
342,2023-12-08,2023,12,49,8,Friday
343,2023-12-09,2023,12,49,9,Saturday
344,2023-12-10,2023,12,49,10,Sunday
345,2023-12-11,2023,12,50,11,Monday
346,2023-12-12,2023,12,50,12,Tuesday
347,2023-12-13,2023,12,50,13,Wednesday
348,2023-12-14,2023,12,50,14,Thursday
349,2023-12-15,2023,12,50,15,Friday
350,2023-12-16,2023,12,50,16,Saturday
351,2023-12-17,2023,12,50,17,Sunday
352,2023-12-18,2023,12,51,18,Monday
353,2023-12-19,2023,12,51,19,Tuesday
354,2023-12-20,2023,12,51,20,Wednesday
355,2023-12-21,2023,12,51,21,Thursday
356,2023-12-22,2023,12,51,22,Friday
357,2023-12-23,2023,12,51,23,Saturday
358,2023-12-24,2023,12,51,24,Sunday
359,2023-12-25,2023,12,52,25,Monday
360,2023-12-26,2023,12,52,26,Tuesday
361,2023-12-27,2023,12,52,27,Wednesday
362,2023-12-28,2023,12,52,28,Thursday
363,2023-12-29,2023,12,52,29,Friday
364,2023-12-30,2023,12,52,30,Saturday
365,2023-12-31,2023,12,52,31,Sunday
366,2024-01-01,2024,1,1,1,Monday
367,2024-01-02,2024,1,1,2,Tuesday
368,2024-01-03,2024,1,1,3,Wednesday
369,2024-01-04,2024,1,1,4,Thursday
370,2024-01-05,2024,1,1,5,Friday
371,2024-01-06,2024,1,1,6,Saturday
372,2024-01-07,2024,1,1,7,Sunday
373,2024-01-08,2024,1,2,8,Monday
374,2024-01-09,2024,1,2,9,Tuesday
375,2024-01-10,2024,1,2,10,Wednesday
376,2024-01-11,2024,1,2,11,Thursday
377,2024-01-12,2024,1,2,12,Friday
378,2024-01-13,2024,1,2,13,Saturday
379,2024-01-14,2024,1,2,14,Sunday
380,2024-01-15,2024,1,3,15,Monday
381,2024-01-16,2024,1,3,16,Tuesday
382,2024-01-17,2024,1,3,17,Wednesday
383,2024-01-18,2024,1,3,18,Thursday
384,2024-01-19,2024,1,3,19,Friday
385,2024-01-20,2024,1,3,20,Saturday
386,2024-01-21,2024,1,3,21,Sunday
387,2024-01-22,2024,1,4,22,Monday
388,2024-01-23,2024,1,4,23,Tuesday
389,2024-01-24,2024,1,4,24,Wednesday
390,2024-01-25,2024,1,4,25,Thursday
391,2024-01-26,2024,1,4,26,Friday
392,2024-01-27,2024,1,4,27,Saturday
393,2024-01-28,2024,1,4,28,Sunday
394,2024-01-29,2024,1,5,29,Monday
395,2024-01-30,2024,1,5,30,Tuesday
396,2024-01-31,2024,1,5,31,Wednesday
397,2024-02-01,2024,2,5,1,Thursday
398,2024-02-02,2024,2,5,2,Friday
399,2024-02-03,2024,2,5,3,Saturday
400,2024-02-04,2024,2,5,4,Sunday
401,2024-02-05,2024,2,6,5,Monday
402,2024-02-06,2024,2,6,6,Tuesday
403,2024-02-07,2024,2,6,7,Wednesday
404,2024-02-08,2024,2,6,8,Thursday
405,2024-02-09,2024,2,6,9,Friday
406,2024-02-10,2024,2,6,10,Saturday
407,2024-02-11,2024,2,6,11,Sunday
408,2024-02-12,2024,2,7,12,Monday
409,2024-02-13,2024,2,7,13,Tuesday
410,2024-02-14,2024,2,7,14,Wednesday
411,2024-02-15,2024,2,7,15,Thursday
412,2024-02-16,2024,2,7,16,Friday
413,2024-02-17,2024,2,7,17,Saturday
414,2024-02-18,2024,2,7,18,Sunday
415,2024-02-19,2024,2,8,19,Monday
416,2024-02-20,2024,2,8,20,Tuesday
417,2024-02-21,2024,2,8,21,Wednesday
418,2024-02-22,2024,2,8,22,Thursday
419,2024-02-23,2024,2,8,23,Friday
420,2024-02-24,2024,2,8,24,Saturday
421,2024-02-25,2024,2,8,25,Sunday
422,2024-02-26,2024,2,9,26,Monday
423,2024-02-27,2024,2,9,27,Tuesday
424,2024-02-28,2024,2,9,28,Wednesday
425,2024-02-29,2024,2,9,29,Thursday
426,2024-03-01,2024,3,9,1,Friday
427,2024-03-02,2024,3,9,2,Saturday
428,2024-03-03,2024,3,9,3,Sunday
429,2024-03-04,2024,3,10,4,Monday
430,2024-03-05,2024,3,10,5,Tuesday
431,2024-03-06,2024,3,10,6,Wednesday
432,2024-03-07,2024,3,10,7,Thursday
433,2024-03-08,2024,3,10,8,Friday
434,2024-03-09,2024,3,10,9,Saturday
435,2024-03-10,2024,3,10,10,Sunday
436,2024-03-11,2024,3,11,11,Monday
437,2024-03-12,2024,3,11,12,Tuesday
438,2024-03-13,2024,3,11,13,Wednesday
439,2024-03-14,2024,3,11,14,Thursday
440,2024-03-15,2024,3,11,15,Friday
441,2024-03-16,2024,3,11,16,Saturday
442,2024-03-17,2024,3,11,17,Sunday
443,2024-03-18,2024,3,12,18,Monday
444,2024-03-19,2024,3,12,19,Tuesday
445,2024-03-20,2024,3,12,20,Wednesday
446,2024-03-21,2024,3,12,21,Thursday
447,2024-03-22,2024,3,12,22,Friday
448,2024-03-23,2024,3,12,23,Saturday
449,2024-03-24,2024,3,12,24,Sunday
450,2024-03-25,2024,3,13,25,Monday
451,2024-03-26,2024,3,13,26,Tuesday
452,2024-03-27,2024,3,13,27,Wednesday
453,2024-03-28,2024,3,13,28,Thursday
454,2024-03-29,2024,3,13,29,Friday
455,2024-03-30,2024,3,13,30,Saturday
456,2024-03-31,2024,3,13,31,Sunday
457,2024-04-01,2024,4,14,1,Monday
458,2024-04-02,2024,4,14,2,Tuesday
459,2024-04-03,2024,4,14,3,Wednesday
460,2024-04-04,2024,4,14,4,Thursday
461,2024-04-05,2024,4,14,5,Friday
462,2024-04-06,2024,4,14,6,Saturday
463,2024-04-07,2024,4,14,7,Sunday
464,2024-04-08,2024,4,15,8,Monday
465,2024-04-09,2024,4,15,9,Tuesday
466,2024-04-10,2024,4,15,10,Wednesday
467,2024-04-11,2024,4,15,11,Thursday
468,2024-04-12,2024,4,15,12,Friday
469,2024-04-13,2024,4,15,13,Saturday
470,2024-04-14,2024,4,15,14,Sunday
471,2024-04-15,2024,4,16,15,Monday
472,2024-04-16,2024,4,16,16,Tuesday
473,2024-04-17,2024,4,16,17,Wednesday
474,2024-04-18,2024,4,16,18,Thursday
475,2024-04-19,2024,4,16,19,Friday
476,2024-04-20,2024,4,16,20,Saturday
477,2024-04-21,2024,4,16,21,Sunday
478,2024-04-22,2024,4,17,22,Monday
479,2024-04-23,2024,4,17,23,Tuesday
480,2024-04-24,2024,4,17,24,Wednesday
481,2024-04-25,2024,4,17,25,Thursday
482,2024-04-26,2024,4,17,26,Friday
483,2024-04-27,2024,4,17,27,Saturday
484,2024-04-28,2024,4,17,28,Sunday
485,2024-04-29,2024,4,18,29,Monday
486,2024-04-30,2024,4,18,30,Tuesday
487,2024-05-01,2024,5,18,1,Wednesday
488,2024-05-02,2024,5,18,2,Thursday
489,2024-05-03,2024,5,18,3,Friday
490,2024-05-04,2024,5,18,4,Saturday
491,2024-05-05,2024,5,18,5,Sunday
492,2024-05-06,2024,5,19,6,Monday
493,2024-05-07,2024,5,19,7,Tuesday
494,2024-05-08,2024,5,19,8,Wednesday
495,2024-05-09,2024,5,19,9,Thursday
496,2024-05-10,2024,5,19,10,Friday
497,2024-05-11,2024,5,19,11,Saturday
498,2024-05-12,2024,5,19,12,Sunday
499,2024-05-13,2024,5,20,13,Monday
500,2024-05-14,2024,5,20,14,Tuesday
501,2024-05-15,2024,5,20,15,Wednesday
502,2024-05-16,2024,5,20,16,Thursday
503,2024-05-17,2024,5,20,17,Friday
504,2024-05-18,2024,5,20,18,Saturday
505,2024-05-19,2024,5,20,19,Sunday
506,2024-05-20,2024,5,21,20,Monday
507,2024-05-21,2024,5,21,21,Tuesday
508,2024-05-22,2024,5,21,22,Wednesday
509,2024-05-23,2024,5,21,23,Thursday
510,2024-05-24,2024,5,21,24,Friday
511,2024-05-25,2024,5,21,25,Saturday
512,2024-05-26,2024,5,21,26,Sunday
513,2024-05-27,2024,5,22,27,Monday
514,2024-05-28,2024,5,22,28,Tuesday
515,2024-05-29,2024,5,22,29,Wednesday
516,2024-05-30,2024,5,22,30,Thursday
517,2024-05-31,2024,5,22,31,Friday
518,2024-06-01,2024,6,22,1,Saturday
519,2024-06-02,2024,6,22,2,Sunday
520,2024-06-03,2024,6,23,3,Monday
521,2024-06-04,2024,6,23,4,Tuesday
522,2024-06-05,2024,6,23,5,Wednesday
523,2024-06-06,2024,6,23,6,Thursday
524,2024-06-07,2024,6,23,7,Friday
525,2024-06-08,2024,6,23,8,Saturday
526,2024-06-09,2024,6,23,9,Sunday
527,2024-06-10,2024,6,24,10,Monday
528,2024-06-11,2024,6,24,11,Tuesday
529,2024-06-12,2024,6,24,12,Wednesday
530,2024-06-13,2024,6,24,13,Thursday
531,2024-06-14,2024,6,24,14,Friday
532,2024-06-15,2024,6,24,15,Saturday
533,2024-06-16,2024,6,24,16,Sunday
534,2024-06-17,2024,6,25,17,Monday
535,2024-06-18,2024,6,25,18,Tuesday
536,2024-06-19,2024,6,25,19,Wednesday
537,2024-06-20,2024,6,25,20,Thursday
538,2024-06-21,2024,6,25,21,Friday
539,2024-06-22,2024,6,25,22,Saturday
540,2024-06-23,2024,6,25,23,Sunday
541,2024-06-24,2024,6,26,24,Monday
542,2024-06-25,2024,6,26,25,Tuesday
543,2024-06-26,2024,6,26,26,Wednesday
544,2024-06-27,2024,6,26,27,Thursday
545,2024-06-28,2024,6,26,28,Friday
546,2024-06-29,2024,6,26,29,Saturday
547,2024-06-30,2024,6,26,30,Sunday
548,2024-07-01,2024,7,27,1,Monday
549,2024-07-02,2024,7,27,2,Tuesday
550,2024-07-03,2024,7,27,3,Wednesday
551,2024-07-04,2024,7,27,4,Thursday
552,2024-07-05,2024,7,27,5,Friday
553,2024-07-06,2024,7,27,6,Saturday
554,2024-07-07,2024,7,27,7,Sunday
555,2024-07-08,2024,7,28,8,Monday
556,2024-07-09,2024,7,28,9,Tuesday
557,2024-07-10,2024,7,28,10,Wednesday
558,2024-07-11,2024,7,28,11,Thursday
559,2024-07-12,2024,7,28,12,Friday
560,2024-07-13,2024,7,28,13,Saturday
561,2024-07-14,2024,7,28,14,Sunday
562,2024-07-15,2024,7,29,15,Monday
563,2024-07-16,2024,7,29,16,Tuesday
564,2024-07-17,2024,7,29,17,Wednesday
565,2024-07-18,2024,7,29,18,Thursday
566,2024-07-19,2024,7,29,19,Friday
567,2024-07-20,2024,7,29,20,Saturday
568,2024-07-21,2024,7,29,21,Sunday
569,2024-07-22,2024,7,30,22,Monday
570,2024-07-23,2024,7,30,23,Tuesday
571,2024-07-24,2024,7,30,24,Wednesday
572,2024-07-25,2024,7,30,25,Thursday
573,2024-07-26,2024,7,30,26,Friday
574,2024-07-27,2024,7,30,27,Saturday
575,2024-07-28,2024,7,30,28,Sunday
576,2024-07-29,2024,7,31,29,Monday
577,2024-07-30,2024,7,31,30,Tuesday
578,2024-07-31,2024,7,31,31,Wednesday
579,2024-08-01,2024,8,31,1,Thursday
580,2024-08-02,2024,8,31,2,Friday
581,2024-08-03,2024,8,31,3,Saturday
582,2024-08-04,2024,8,31,4,Sunday
583,2024-08-05,2024,8,32,5,Monday
584,2024-08-06,2024,8,32,6,Tuesday
585,2024-08-07,2024,8,32,7,Wednesday
586,2024-08-08,2024,8,32,8,Thursday
587,2024-08-09,2024,8,32,9,Friday
588,2024-08-10,2024,8,32,10,Saturday
589,2024-08-11,2024,8,32,11,Sunday
590,2024-08-12,2024,8,33,12,Monday
591,2024-08-13,2024,8,33,13,Tuesday
592,2024-08-14,2024,8,33,14,Wednesday
593,2024-08-15,2024,8,33,15,Thursday
594,2024-08-16,2024,8,33,16,Friday
595,2024-08-17,2024,8,33,17,Saturday
596,2024-08-18,2024,8,33,18,Sunday
597,2024-08-19,2024,8,34,19,Monday
598,2024-08-20,2024,8,34,20,Tuesday
599,2024-08-21,2024,8,34,21,Wednesday
600,2024-08-22,2024,8,34,22,Thursday
601,2024-08-23,2024,8,34,23,Friday
602,2024-08-24,2024,8,34,24,Saturday
603,2024-08-25,2024,8,34,25,Sunday
604,2024-08-26,2024,8,35,26,Monday
605,2024-08-27,2024,8,35,27,Tuesday
606,2024-08-28,2024,8,35,28,Wednesday
607,2024-08-29,2024,8,35,29,Thursday
608,2024-08-30,2024,8,35,30,Friday
609,2024-08-31,2024,8,35,31,Saturday
610,2024-09-01,2024,9,35,1,Sunday
611,2024-09-02,2024,9,36,2,Monday
612,2024-09-03,2024,9,36,3,Tuesday
613,2024-09-04,2024,9,36,4,Wednesday
614,2024-09-05,2024,9,36,5,Thursday
615,2024-09-06,2024,9,36,6,Friday
616,2024-09-07,2024,9,36,7,Saturday
617,2024-09-08,2024,9,36,8,Sunday
618,2024-09-09,2024,9,37,9,Monday
619,2024-09-10,2024,9,37,10,Tuesday
620,2024-09-11,2024,9,37,11,Wednesday
621,2024-09-12,2024,9,37,12,Thursday
622,2024-09-13,2024,9,37,13,Friday
623,2024-09-14,2024,9,37,14,Saturday
624,2024-09-15,2024,9,37,15,Sunday
625,2024-09-16,2024,9,38,16,Monday
626,2024-09-17,2024,9,38,17,Tuesday
627,2024-09-18,2024,9,38,18,Wednesday
628,2024-09-19,2024,9,38,19,Thursday
629,2024-09-20,2024,9,38,20,Friday
630,2024-09-21,2024,9,38,21,Saturday
631,2024-09-22,2024,9,38,22,Sunday
632,2024-09-23,2024,9,39,23,Monday
633,2024-09-24,2024,9,39,24,Tuesday
634,2024-09-25,2024,9,39,25,Wednesday
635,2024-09-26,2024,9,39,26,Thursday
636,2024-09-27,2024,9,39,27,Friday
637,2024-09-28,2024,9,39,28,Saturday
638,2024-09-29,2024,9,39,29,Sunday
639,2024-09-30,2024,9,40,30,Monday
640,2024-10-01,2024,10,40,1,Tuesday
641,2024-10-02,2024,10,40,2,Wednesday
642,2024-10-03,2024,10,40,3,Thursday
643,2024-10-04,2024,10,40,4,Friday
644,2024-10-05,2024,10,40,5,Saturday
645,2024-10-06,2024,10,40,6,Sunday
646,2024-10-07,2024,10,41,7,Monday
647,2024-10-08,2024,10,41,8,Tuesday
648,2024-10-09,2024,10,41,9,Wednesday
649,2024-10-10,2024,10,41,10,Thursday
650,2024-10-11,2024,10,41,11,Friday
651,2024-10-12,2024,10,41,12,Saturday
652,2024-10-13,2024,10,41,13,Sunday
653,2024-10-14,2024,10,42,14,Monday
654,2024-10-15,2024,10,42,15,Tuesday
655,2024-10-16,2024,10,42,16,Wednesday
656,2024-10-17,2024,10,42,17,Thursday
657,2024-10-18,2024,10,42,18,Friday
658,2024-10-19,2024,10,42,19,Saturday
659,2024-10-20,2024,10,42,20,Sunday
660,2024-10-21,2024,10,43,21,Monday
661,2024-10-22,2024,10,43,22,Tuesday
662,2024-10-23,2024,10,43,23,Wednesday
663,2024-10-24,2024,10,43,24,Thursday
664,2024-10-25,2024,10,43,25,Friday
665,2024-10-26,2024,10,43,26,Saturday
666,2024-10-27,2024,10,43,27,Sunday
667,2024-10-28,2024,10,44,28,Monday
668,2024-10-29,2024,10,44,29,Tuesday
669,2024-10-30,2024,10,44,30,Wednesday
670,2024-10-31,2024,10,44,31,Thursday
671,2024-11-01,2024,11,44,1,Friday
672,2024-11-02,2024,11,44,2,Saturday
673,2024-11-03,2024,11,44,3,Sunday
674,2024-11-04,2024,11,45,4,Monday
675,2024-11-05,2024,11,45,5,Tuesday
676,2024-11-06,2024,11,45,6,Wednesday
677,2024-11-07,2024,11,45,7,Thursday
678,2024-11-08,2024,11,45,8,Friday
679,2024-11-09,2024,11,45,9,Saturday
680,2024-11-10,2024,11,45,10,Sunday
681,2024-11-11,2024,11,46,11,Monday
682,2024-11-12,2024,11,46,12,Tuesday
683,2024-11-13,2024,11,46,13,Wednesday
684,2024-11-14,2024,11,46,14,Thursday
685,2024-11-15,2024,11,46,15,Friday
686,2024-11-16,2024,11,46,16,Saturday
687,2024-11-17,2024,11,46,17,Sunday
688,2024-11-18,2024,11,47,18,Monday
689,2024-11-19,2024,11,47,19,Tuesday
690,2024-11-20,2024,11,47,20,Wednesday
691,2024-11-21,2024,11,47,21,Thursday
692,2024-11-22,2024,11,47,22,Friday
693,2024-11-23,2024,11,47,23,Saturday
694,2024-11-24,2024,11,47,24,Sunday
695,2024-11-25,2024,11,48,25,Monday
696,2024-11-26,2024,11,48,26,Tuesday
697,2024-11-27,2024,11,48,27,Wednesday
698,2024-11-28,2024,11,48,28,Thursday
699,2024-11-29,2024,11,48,29,Friday
700,2024-11-30,2024,11,48,30,Saturday
701,2024-12-01,2024,12,48,1,Sunday
702,2024-12-02,2024,12,49,2,Monday
703,2024-12-03,2024,12,49,3,Tuesday
704,2024-12-04,2024,12,49,4,Wednesday
705,2024-12-05,2024,12,49,5,Thursday
706,2024-12-06,2024,12,49,6,Friday
707,2024-12-07,2024,12,49,7,Saturday
708,2024-12-08,2024,12,49,8,Sunday
709,2024-12-09,2024,12,50,9,Monday
710,2024-12-10,2024,12,50,10,Tuesday
711,2024-12-11,2024,12,50,11,Wednesday
712,2024-12-12,2024,12,50,12,Thursday
713,2024-12-13,2024,12,50,13,Friday
714,2024-12-14,2024,12,50,14,Saturday
715,2024-12-15,2024,12,50,15,Sunday
716,2024-12-16,2024,12,51,16,Monday
717,2024-12-17,2024,12,51,17,Tuesday
718,2024-12-18,2024,12,51,18,Wednesday
719,2024-12-19,2024,12,51,19,Thursday
720,2024-12-20,2024,12,51,20,Friday
721,2024-12-21,2024,12,51,21,Saturday
722,2024-12-22,2024,12,51,22,Sunday
723,2024-12-23,2024,12,52,23,Monday
724,2024-12-24,2024,12,52,24,Tuesday
725,2024-12-25,2024,12,52,25,Wednesday
726,2024-12-26,2024,12,52,26,Thursday
727,2024-12-27,2024,12,52,27,Friday
728,2024-12-28,2024,12,52,28,Saturday
729,2024-12-29,2024,12,52,29,Sunday
730,2024-12-30,2024,12,1,30,Monday
731,2024-12-31,2024,12,1,31,Tuesday
